tag_id,nome,hora_entrada,hora_saida,tempo_cocho,peso_animal,peso_racao,%,
Ovelha001,Ovelha001,2025-10-02 16:09:49,2025-10-02 16:10:40,0m 51s,-1,642.247,,
34E23000E2806A960000401CCB84F52A,Ovelha001,2025-10-02 16:11:23,2025-10-02 16:11:48,0m 24s,-1,851.76,,
D4E63000E2806A960000501CCB867555,12,2025-10-02 16:11:23,2025-10-02 16:11:48,0m 24s,66.145,851.76,,
C0343000E2806A960000401CCB755969,40,2025-10-02 16:11:23,2025-10-02 16:11:48,0m 24s,78.719,851.76,,
34E23000E2806A960000401CCB84F52A,Ovelha001,2025-10-02 16:31:35,2025-10-02 16:32:05,0m 29s,98.821,605.303,,
9CD93000E2806A960000401CCB85916B,Rafael,2025-10-02 17:07:03,2025-10-02 17:07:39,0m 35s,98.821,605.303,,
C0343000E2806A960000401CCB755969,40,2025-10-02 17:30:11,2025-10-02 17:31:12,1m 0s,98.821,605.303,,
C0343000E2806A960000401CCB755969,40,2025-10-02 17:31:25,2025-10-02 17:33:59,2m 34s,80.103,402.255,,
D4E63000E2806A960000501CCB867555,12,2025-10-02 17:34:51,2025-10-02 17:36:09,1m 17s,76.849,353.001,,
D4E63000E2806A960000501CCB867555,12,2025-10-02 17:36:13,2025-10-02 17:42:39,6m 25s,76.849,353.001,,
C0343000E2806A960000401CCB755969,40,2025-10-02 17:42:45,2025-10-02 17:45:53,3m 7s,76.849,353.001,,
C0343000E2806A960000401CCB755969,40,2025-10-02 17:46:29,2025-10-02 17:47:57,1m 28s,76.849,353.001,,
C0343000E2806A960000401CCB755969,40,2025-10-02 17:53:16,2025-10-02 17:54:40,1m 23s,76.849,353.001,,
D4E63000E2806A960000501CCB867555,12,2025-10-02 18:29:49,2025-10-02 18:30:21,0m 32s,76.849,353.001,,
C0343000E2806A960000401CCB755969,40,2025-10-02 19:14:13,2025-10-02 19:17:09,2m 55s,76.849,353.001,,
D4E63000E2806A960000501CCB867555,12,2025-10-02 21:49:58,2025-10-02 21:50:35,0m 37s,76.849,353.001,,
C0343000E2806A960000401CCB755969,40,2025-10-02 21:50:40,2025-10-02 21:50:58,0m 17s,76.849,353.001,,
C0343000E2806A960000401CCB755969,40,2025-10-03 2:45:11,2025-10-03 2:45:26,0m 14s,76.849,353.001,,
C0343000E2806A960000401CCB755969,40,2025-10-03 6:46:32,2025-10-03 6:48:33,2m 0s,76.849,353.001,,
C0343000E2806A960000401CCB755969,40,2025-10-03 6:49:28,2025-10-03 6:50:27,0m 58s,76.849,353.001,,
D4E63000E2806A960000501CCB867555,12,2025-10-03 6:52:10,2025-10-03 6:52:38,0m 28s,76.849,353.001,,
C0343000E2806A960000401CCB755969,40,2025-10-03 6:52:45,2025-10-03 6:54:24,1m 39s,76.849,353.001,,
C0343000E2806A960000401CCB755969,40,2025-10-03 7:48:23,2025-10-03 7:58:46,10m 23s,77.036,400.476,,
D4E63000E2806A960000501CCB867555,12,2025-10-03 7:58:53,2025-10-03 8:06:21,7m 28s,77.955,351.057,,
C0343000E2806A960000401CCB755969,40,2025-10-03 8:06:29,2025-10-03 8:07:40,1m 10s,77.955,351.057,,
C0343000E2806A960000401CCB755969,40,2025-10-03 8:07:49,2025-10-03 8:08:41,0m 52s,77.955,351.057,,
D4E63000E2806A960000501CCB867555,12,2025-10-03 8:08:54,2025-10-03 8:09:59,1m 5s,77.955,351.057,,
C0343000E2806A960000401CCB755969,40,2025-10-03 8:10:09,2025-10-03 8:11:10,1m 1s,77.955,351.057,,
D4E63000E2806A960000501CCB867555,12,2025-10-03 8:11:17,2025-10-03 8:12:02,0m 44s,77.955,351.057,,
D4E63000E2806A960000501CCB867555,12,2025-10-03 8:13:05,2025-10-03 8:13:53,0m 47s,77.955,351.057,,
C0343000E2806A960000401CCB755969,40,2025-10-03 8:13:58,2025-10-03 8:14:46,0m 47s,77.955,351.057,,
C0343000E2806A960000401CCB755969,40,2025-10-03 8:15:13,2025-10-03 8:15:55,0m 42s,77.955,351.057,,
C0343000E2806A960000401CCB755969,40,2025-10-03 8:16:05,2025-10-03 8:17:30,1m 25s,77.955,351.057,,
D4E63000E2806A960000501CCB867555,12,2025-10-03 8:18:21,2025-10-03 8:20:19,1m 58s,77.955,351.057,,
D4E63000E2806A960000501CCB867555,12,2025-10-03 8:20:25,2025-10-03 8:20:25,0m 0s,77.955,351.057,,
C0343000E2806A960000401CCB755969,40,2025-10-03 8:20:35,2025-10-03 8:21:39,1m 4s,77.955,351.057,,
D4E63000E2806A960000501CCB867555,12,2025-10-03 8:22:32,2025-10-03 8:23:11,0m 38s,77.955,351.057,,
C0343000E2806A960000401CCB755969,40,2025-10-03 8:25:36,2025-10-03 8:26:57,1m 21s,77.955,351.057,,
C0343000E2806A960000401CCB755969,40,2025-10-03 8:30:19,2025-10-03 8:32:06,1m 47s,77.955,351.057,,
D4E63000E2806A960000501CCB867555,12,2025-10-03 8:32:12,2025-10-03 8:33:15,1m 2s,77.955,351.057,,
C0343000E2806A960000401CCB755969,40,2025-10-03 8:33:20,2025-10-03 8:35:01,1m 40s,77.955,351.057,,
D4E63000E2806A960000501CCB867555,12,2025-10-03 8:38:14,2025-10-03 8:39:55,1m 41s,77.955,351.057,,
C0343000E2806A960000401CCB755969,40,2025-10-03 8:41:45,2025-10-03 8:44:34,2m 49s,77.955,351.057,,
D4E63000E2806A960000501CCB867555,12,2025-10-03 8:44:57,2025-10-03 8:45:02,0m 4s,77.955,351.057,,
C0343000E2806A960000401CCB755969,40,2025-10-03 8:45:13,2025-10-03 8:45:36,0m 23s,77.955,351.057,,
D4E63000E2806A960000501CCB867555,12,2025-10-03 8:56:17,2025-10-03 8:56:45,0m 28s,77.955,351.057,,
C0343000E2806A960000401CCB755969,40,2025-10-03 8:56:50,2025-10-03 8:57:59,1m 9s,77.955,351.057,,
C0343000E2806A960000401CCB755969,40,2025-10-03 9:14:51,2025-10-03 9:16:48,1m 57s,77.955,351.057,,
C0343000E2806A960000401CCB755969,40,2025-10-03 9:22:03,2025-10-03 9:23:39,1m 36s,77.955,351.057,,
9CD93000E2806A960000401CCB85916B,Rafael,2025-10-03 12:58:25,2025-10-03 12:59:21,0m 55s,-1,304.055,,
9CD93000E2806A960000401CCB85916B,Rafael,2025-10-03 12:59:28,2025-10-03 12:59:52,0m 23s,-1,300.154,,
9CD93000E2806A960000401CCB85916B,Rafael,2025-10-03 13:18:29,2025-10-03 13:20:13,1m 43s,79.875,302.78,,
9CD93000E2806A960000401CCB85916B,Rafael,2025-10-03 13:20:36,2025-10-03 13:21:01,0m 25s,75.037,300.338,,
9CD93000E2806A960000401CCB85916B,Rafael,2025-10-03 13:21:07,2025-10-03 13:22:28,1m 20s,79.18,300.263,,
9CD93000E2806A960000401CCB85916B,Rafael,2025-10-03 13:22:37,2025-10-03 13:23:18,0m 41s,78.758,302.184,,
9CD93000E2806A960000401CCB85916B,Rafael,2025-10-03 13:23:24,2025-10-03 13:24:04,0m 39s,80.537,302.036,,
9CD93000E2806A960000401CCB85916B,Rafael,2025-10-03 13:24:18,2025-10-03 13:24:51,0m 33s,82.255,318.012,,
34E23000E2806A960000401CCB84F52A,Ovelha001,2025-10-03 16:23:53,2025-10-03 16:24:44,0m 51s,96.284,8209.408,,
34E23000E2806A960000401CCB84F52A,Ovelha001,2025-10-03 16:27:43,2025-10-03 16:29:00,1m 16s,-1,483.016,,
34E23000E2806A960000401CCB84F52A,Ovelha001,2025-10-03 16:30:45,2025-10-03 16:35:21,4m 35s,-1,482.819,,
34E23000E2806A960000401CCB84F52A,Ovelha001,2025-10-03 16:40:24,2025-10-03 16:41:22,0m 57s,-1,482.443,,
D4E63000E2806A960000501CCB867555,12,2025-10-03 16:47:37,2025-10-03 16:57:20,9m 43s,70.985,383.158,,
C0343000E2806A960000401CCB755969,40,2025-10-03 16:58:27,2025-10-03 17:06:25,7m 57s,79.972,402.11,,
D4E63000E2806A960000501CCB867555,12,2025-10-03 17:06:34,2025-10-03 17:07:02,0m 27s,70.985,-2,,
C0343000E2806A960000401CCB755969,40,2025-10-03 17:07:06,2025-10-03 17:11:05,3m 59s,79.972,-2,,
C0343000E2806A960000401CCB755969,40,2025-10-03 17:14:11,2025-10-03 17:17:44,3m 32s,79.972,-2,,
C0343000E2806A960000401CCB755969,40,2025-10-03 17:22:24,2025-10-03 17:24:27,2m 2s,79.972,-2,,
C0343000E2806A960000401CCB755969,40,2025-10-03 17:59:53,2025-10-03 18:03:13,3m 19s,79.972,-2,,
C0343000E2806A960000401CCB755969,40,2025-10-03 18:05:45,2025-10-03 18:07:20,1m 35s,79.972,-2,,
D4E63000E2806A960000501CCB867555,12,2025-10-03 18:07:43,2025-10-03 18:07:59,0m 15s,70.985,-2,,
C0343000E2806A960000401CCB755969,40,2025-10-03 18:08:01,2025-10-03 18:10:02,2m 0s,79.972,-2,,
C0343000E2806A960000401CCB755969,40,2025-10-03 18:14:08,2025-10-03 18:16:33,2m 25s,79.972,-2,,
C0343000E2806A960000401CCB755969,40,2025-10-03 18:16:47,2025-10-03 18:17:29,0m 41s,79.972,-2,,
D4E63000E2806A960000501CCB867555,12,2025-10-03 22:35:38,2025-10-03 22:37:55,2m 17s,70.985,-2,,
C0343000E2806A960000401CCB755969,40,2025-10-04 6:38:00,2025-10-04 6:38:53,0m 53s,79.972,-2,,
C0343000E2806A960000401CCB755969,40,2025-10-04 6:39:35,2025-10-04 6:41:23,1m 48s,79.972,-2,,
C0343000E2806A960000401CCB755969,40,2025-10-04 6:41:32,2025-10-04 6:42:03,0m 31s,79.972,-2,,
D4E63000E2806A960000501CCB867555,12,2025-10-04 6:42:15,2025-10-04 6:42:31,0m 16s,70.985,-2,,
C0343000E2806A960000401CCB755969,40,2025-10-04 6:42:34,2025-10-04 6:43:33,0m 58s,79.972,-2,,
C0343000E2806A960000401CCB755969,40,2025-10-04 6:44:58,2025-10-04 6:46:06,1m 8s,79.972,-2,,
C0343000E2806A960000401CCB755969,40,2025-10-04 6:49:56,2025-10-04 6:50:13,0m 17s,79.972,-2,,
C0343000E2806A960000401CCB755969,40,2025-10-04 7:00:07,2025-10-04 7:02:02,1m 55s,79.972,-2,,
C0343000E2806A960000401CCB755969,40,2025-10-04 7:47:37,2025-10-04 7:58:27,10m 49s,74.189,401.388,,
D4E63000E2806A960000501CCB867555,12,2025-10-04 7:58:29,2025-10-04 8:06:01,7m 32s,78.949,351.099,,
D4E63000E2806A960000501CCB867555,12,2025-10-04 8:06:05,2025-10-04 8:06:16,0m 10s,78.949,-2,,
C0343000E2806A960000401CCB755969,40,2025-10-04 8:06:23,2025-10-04 8:06:57,0m 33s,74.189,-2,,
D4E63000E2806A960000501CCB867555,12,2025-10-04 8:08:29,2025-10-04 8:08:43,0m 14s,78.949,-2,,
C0343000E2806A960000401CCB755969,40,2025-10-04 8:08:47,2025-10-04 8:10:06,1m 18s,74.189,-2,,
D4E63000E2806A960000501CCB867555,12,2025-10-04 8:10:27,2025-10-04 8:11:13,0m 45s,78.949,-2,,
C0343000E2806A960000401CCB755969,40,2025-10-04 8:11:17,2025-10-04 8:15:58,4m 40s,74.189,-2,,
D4E63000E2806A960000501CCB867555,12,2025-10-04 8:16:43,2025-10-04 8:18:20,1m 37s,78.949,-2,,
C0343000E2806A960000401CCB755969,40,2025-10-04 8:18:29,2025-10-04 8:20:10,1m 41s,74.189,-2,,
C0343000E2806A960000401CCB755969,40,2025-10-04 8:20:44,2025-10-04 8:21:35,0m 50s,74.189,-2,,
D4E63000E2806A960000501CCB867555,12,2025-10-04 8:22:42,2025-10-04 8:23:05,0m 23s,78.949,-2,,
D4E63000E2806A960000501CCB867555,12,2025-10-04 8:24:33,2025-10-04 8:32:48,8m 14s,66.163,353.511,,
D4E63000E2806A960000501CCB867555,12,2025-10-04 8:34:47,2025-10-04 8:35:32,0m 44s,66.163,-2,,
D4E63000E2806A960000501CCB867555,12,2025-10-04 8:57:39,2025-10-04 8:58:25,0m 45s,66.163,-2,,
C0343000E2806A960000401CCB755969,40,2025-10-04 9:12:51,2025-10-04 9:13:46,0m 55s,75.752,401.379,,
D4E63000E2806A960000501CCB867555,12,2025-10-04 17:42:37,2025-10-04 18:02:52,20m 14s,72.596,352.91,,
C0343000E2806A960000401CCB755969,40,2025-10-04 18:23:52,2025-10-04 18:37:33,13m 40s,72.596,352.91,,
C0343000E2806A960000401CCB755969,40,2025-10-04 18:37:54,2025-10-04 18:40:56,3m 1s,72.596,352.91,,
9CD93000E2806A960000401CCB85916B,Rafael,2025-10-06 16:23:31,2025-10-06 16:25:44,2m 12s,-1,3391.858,,
9CD93000E2806A960000401CCB85916B,Rafael,2025-10-06 16:26:00,2025-10-06 16:26:57,0m 56s,-1,3296.878,,
9CD93000E2806A960000401CCB85916B,Rafael,2025-10-06 16:54:16,2025-10-06 16:55:18,1m 1s,-1,4319.878,,
9CD93000E2806A960000401CCB85916B,Rafael,2025-10-06 16:56:00,2025-10-06 16:56:50,0m 49s,-1,301.394,,
9CD93000E2806A960000401CCB85916B,Rafael,2025-10-06 16:58:52,2025-10-06 16:59:15,0m 23s,-1,301.198,,
9CD93000E2806A960000401CCB85916B,Rafael,2025-10-06 16:59:22,2025-10-06 16:59:49,0m 27s,-1,301.571,,
9CD93000E2806A960000401CCB85916B,Rafael,2025-10-06 16:59:51,2025-10-06 17:00:14,0m 23s,-1,302.063,,
9CD93000E2806A960000401CCB85916B,Rafael,2025-10-06 17:03:22,2025-10-06 17:04:04,0m 41s,-1,300.332,,
9CD93000E2806A960000401CCB85916B,Rafael,2025-10-06 17:12:01,2025-10-06 17:12:41,0m 40s,65.196,390.3,,
9CD93000E2806A960000401CCB85916B,Rafael,2025-10-06 17:13:15,2025-10-06 17:14:12,0m 57s,74.661,329.466,,
9CD93000E2806A960000401CCB85916B,Rafael,2025-10-06 17:21:12,2025-10-06 17:24:50,3m 38s,76.064,373.637,,
9CD93000E2806A960000401CCB85916B,Rafael,2025-10-06 17:24:59,2025-10-06 17:26:04,1m 5s,76.064,373.637,,
9CD93000E2806A960000401CCB85916B,Rafael,2025-10-06 17:33:24,2025-10-06 17:33:50,0m 26s,-1,381.008,,
9CD93000E2806A960000401CCB85916B,Rafael,2025-10-06 17:34:06,2025-10-06 17:34:32,0m 26s,78.067,763.294,,
9CD93000E2806A960000401CCB85916B,Rafael,2025-10-06 17:37:42,2025-10-06 17:38:10,0m 27s,-1,391.374,,
C0343000E2806A960000401CCB755969,24,2025-10-06 17:43:01,2025-10-06 17:44:49,1m 47s,77.102,364.064,,
D4E63000E2806A960000501CCB867555,12,2025-10-06 17:47:21,2025-10-06 17:52:47,5m 25s,73.086,363.947,,
C0343000E2806A960000401CCB755969,24,2025-10-06 17:53:15,2025-10-06 17:53:15,0m 0s,77.102,-2,,
C0343000E2806A960000401CCB755969,24,2025-10-06 17:53:20,2025-10-06 17:53:20,0m 0s,77.102,-2,,
C0343000E2806A960000401CCB755969,24,2025-10-06 17:53:20,2025-10-06 17:53:20,0m 0s,77.102,-2,,
C0343000E2806A960000401CCB755969,24,2025-10-06 17:53:22,2025-10-06 17:53:22,0m 0s,77.102,-2,,
C0343000E2806A960000401CCB755969,24,2025-10-06 17:53:27,2025-10-06 17:53:27,0m 0s,77.102,-2,,
C0343000E2806A960000401CCB755969,24,2025-10-06 17:53:32,2025-10-06 17:53:32,0m 0s,77.102,-2,,
C0343000E2806A960000401CCB755969,24,2025-10-06 17:53:32,2025-10-06 17:53:32,0m 0s,77.102,-2,,
C0343000E2806A960000401CCB755969,24,2025-10-06 17:53:37,2025-10-06 17:53:37,0m 0s,77.102,-2,,
C0343000E2806A960000401CCB755969,24,2025-10-06 17:53:35,2025-10-06 17:53:35,0m 0s,77.102,-2,,
C0343000E2806A960000401CCB755969,24,2025-10-06 17:53:44,2025-10-06 17:53:44,0m 0s,77.102,-2,,
C0343000E2806A960000401CCB755969,24,2025-10-06 17:53:50,2025-10-06 17:53:50,0m 0s,77.102,-2,,
C0343000E2806A960000401CCB755969,24,2025-10-06 17:53:55,2025-10-06 17:53:55,0m 0s,77.102,-2,,
C0343000E2806A960000401CCB755969,24,2025-10-06 17:53:55,2025-10-06 17:53:55,0m 0s,77.102,-2,,
C0343000E2806A960000401CCB755969,24,2025-10-06 17:54:01,2025-10-06 17:54:01,0m 0s,77.102,-2,,
C0343000E2806A960000401CCB755969,24,2025-10-06 17:53:55,2025-10-06 17:53:55,0m 0s,77.102,-2,,
C0343000E2806A960000401CCB755969,24,2025-10-06 17:53:55,2025-10-06 17:53:55,0m 0s,77.102,-2,,
C0343000E2806A960000401CCB755969,24,2025-10-06 17:54:01,2025-10-06 17:54:01,0m 0s,77.102,-2,,
C0343000E2806A960000401CCB755969,24,2025-10-06 17:54:09,2025-10-06 17:54:09,0m 0s,77.102,-2,,
C0343000E2806A960000401CCB755969,24,2025-10-06 17:54:01,2025-10-06 17:54:01,0m 0s,77.102,-2,,
C0343000E2806A960000401CCB755969,24,2025-10-06 17:54:09,2025-10-06 17:54:09,0m 0s,77.102,-2,,
C0343000E2806A960000401CCB755969,24,2025-10-06 17:54:04,2025-10-06 17:54:04,0m 0s,77.102,-2,,
C0343000E2806A960000401CCB755969,24,2025-10-06 17:54:04,2025-10-06 17:54:04,0m 0s,77.102,-2,,
C0343000E2806A960000401CCB755969,24,2025-10-06 17:54:16,2025-10-06 17:54:16,0m 0s,77.102,-2,,
C0343000E2806A960000401CCB755969,24,2025-10-06 17:54:22,2025-10-06 17:54:22,0m 0s,77.102,-2,,
C0343000E2806A960000401CCB755969,24,2025-10-06 17:54:16,2025-10-06 17:54:16,0m 0s,77.102,-2,,
C0343000E2806A960000401CCB755969,24,2025-10-06 17:54:18,2025-10-06 17:54:18,0m 0s,77.102,-2,,
C0343000E2806A960000401CCB755969,24,2025-10-06 17:54:05,2025-10-06 17:54:05,0m 0s,77.102,-2,,
C0343000E2806A960000401CCB755969,24,2025-10-06 17:54:31,2025-10-06 17:54:31,0m 0s,77.102,-2,,
C0343000E2806A960000401CCB755969,24,2025-10-06 17:54:36,2025-10-06 17:54:36,0m 0s,77.102,-2,,
C0343000E2806A960000401CCB755969,24,2025-10-06 17:54:41,2025-10-06 17:54:41,0m 0s,77.102,-2,,
C0343000E2806A960000401CCB755969,24,2025-10-06 17:54:41,2025-10-06 17:54:41,0m 0s,77.102,-2,,
C0343000E2806A960000401CCB755969,24,2025-10-06 17:54:43,2025-10-06 17:54:43,0m 0s,77.102,-2,,
C0343000E2806A960000401CCB755969,24,2025-10-06 17:54:46,2025-10-06 17:54:46,0m 0s,77.102,-2,,
C0343000E2806A960000401CCB755969,24,2025-10-06 17:54:52,2025-10-06 17:54:52,0m 0s,77.102,-2,,
C0343000E2806A960000401CCB755969,24,2025-10-06 17:54:52,2025-10-06 17:54:52,0m 0s,77.102,-2,,
C0343000E2806A960000401CCB755969,24,2025-10-06 17:54:54,2025-10-06 17:54:54,0m 0s,77.102,-2,,
C0343000E2806A960000401CCB755969,24,2025-10-06 17:54:57,2025-10-06 17:54:57,0m 0s,77.102,-2,,
C0343000E2806A960000401CCB755969,24,2025-10-06 17:54:57,2025-10-06 17:54:57,0m 0s,77.102,-2,,
C0343000E2806A960000401CCB755969,24,2025-10-06 17:54:59,2025-10-06 17:54:59,0m 0s,77.102,-2,,
C0343000E2806A960000401CCB755969,24,2025-10-06 17:55:08,2025-10-06 17:55:08,0m 0s,77.102,-2,,
C0343000E2806A960000401CCB755969,24,2025-10-06 17:55:08,2025-10-06 17:55:08,0m 0s,77.102,-2,,
C0343000E2806A960000401CCB755969,24,2025-10-06 17:55:10,2025-10-06 17:55:10,0m 0s,77.102,-2,,
C0343000E2806A960000401CCB755969,24,2025-10-06 17:55:14,2025-10-06 17:55:14,0m 0s,77.102,-2,,
C0343000E2806A960000401CCB755969,24,2025-10-06 17:55:20,2025-10-06 17:55:20,0m 0s,77.102,-2,,
C0343000E2806A960000401CCB755969,24,2025-10-06 17:55:20,2025-10-06 17:55:20,0m 0s,77.102,-2,,
C0343000E2806A960000401CCB755969,24,2025-10-06 17:55:25,2025-10-06 17:55:25,0m 0s,77.102,-2,,
C0343000E2806A960000401CCB755969,24,2025-10-06 17:55:25,2025-10-06 17:55:25,0m 0s,77.102,-2,,
C0343000E2806A960000401CCB755969,24,2025-10-06 17:55:22,2025-10-06 17:55:22,0m 0s,77.102,-2,,
C0343000E2806A960000401CCB755969,24,2025-10-06 17:55:27,2025-10-06 17:55:27,0m 0s,77.102,-2,,
C0343000E2806A960000401CCB755969,24,2025-10-06 17:55:30,2025-10-06 17:55:30,0m 0s,77.102,-2,,
C0343000E2806A960000401CCB755969,24,2025-10-06 17:55:35,2025-10-06 17:55:35,0m 0s,77.102,-2,,
C0343000E2806A960000401CCB755969,24,2025-10-06 17:55:35,2025-10-06 17:55:35,0m 0s,77.102,-2,,
C0343000E2806A960000401CCB755969,24,2025-10-06 17:55:37,2025-10-06 17:55:37,0m 0s,77.102,-2,,
C0343000E2806A960000401CCB755969,24,2025-10-06 17:55:41,2025-10-06 17:55:41,0m 0s,77.102,-2,,
C0343000E2806A960000401CCB755969,24,2025-10-06 17:55:46,2025-10-06 17:55:46,0m 0s,77.102,-2,,
C0343000E2806A960000401CCB755969,24,2025-10-06 17:55:46,2025-10-06 17:55:46,0m 0s,77.102,-2,,
C0343000E2806A960000401CCB755969,24,2025-10-06 17:55:46,2025-10-06 17:55:46,0m 0s,77.102,-2,,
C0343000E2806A960000401CCB755969,24,2025-10-06 17:55:48,2025-10-06 17:55:48,0m 0s,77.102,-2,,
C0343000E2806A960000401CCB755969,24,2025-10-06 17:55:52,2025-10-06 17:55:52,0m 0s,77.102,-2,,
C0343000E2806A960000401CCB755969,24,2025-10-06 17:55:48,2025-10-06 17:55:48,0m 0s,77.102,-2,,
C0343000E2806A960000401CCB755969,24,2025-10-06 17:55:50,2025-10-06 17:55:50,0m 0s,77.102,-2,,
C0343000E2806A960000401CCB755969,24,2025-10-06 17:55:58,2025-10-06 17:55:58,0m 0s,77.102,-2,,
C0343000E2806A960000401CCB755969,24,2025-10-06 17:56:04,2025-10-06 17:56:04,0m 0s,77.102,-2,,
C0343000E2806A960000401CCB755969,24,2025-10-06 17:56:04,2025-10-06 17:56:04,0m 0s,77.102,-2,,
C0343000E2806A960000401CCB755969,24,2025-10-06 17:56:09,2025-10-06 17:56:09,0m 0s,77.102,-2,,
C0343000E2806A960000401CCB755969,24,2025-10-06 17:56:07,2025-10-06 17:56:07,0m 0s,77.102,-2,,
C0343000E2806A960000401CCB755969,24,2025-10-06 17:56:09,2025-10-06 17:56:09,0m 0s,77.102,-2,,
C0343000E2806A960000401CCB755969,24,2025-10-06 17:56:11,2025-10-06 17:56:11,0m 0s,77.102,-2,,
C0343000E2806A960000401CCB755969,24,2025-10-06 17:56:15,2025-10-06 17:56:15,0m 0s,77.102,-2,,
34E23000E2806A960000401CCB84F52A,Ovelha001,2025-10-06 17:57:04,2025-10-06 17:57:33,0m 29s,-1,482.769,,
C0343000E2806A960000401CCB755969,24,2025-10-06 17:58:01,2025-10-06 17:58:01,0m 0s,77.102,-2,,
C0343000E2806A960000401CCB755969,24,2025-10-06 17:58:05,2025-10-06 17:58:05,0m 0s,77.102,-2,,
C0343000E2806A960000401CCB755969,24,2025-10-06 17:58:10,2025-10-06 17:58:10,0m 0s,77.102,-2,,
C0343000E2806A960000401CCB755969,24,2025-10-06 17:58:15,2025-10-06 17:58:15,0m 0s,77.102,-2,,
C0343000E2806A960000401CCB755969,24,2025-10-06 17:58:35,2025-10-06 17:58:35,0m 0s,77.102,-2,,
D4E63000E2806A960000501CCB867555,12,2025-10-06 18:00:35,2025-10-06 18:01:21,0m 46s,81.508,365.643,0.45,
D4E63000E2806A960000501CCB867555,12,2025-10-06 18:01:39,2025-10-06 18:01:39,0m 0s,81.508,-2,,
D4E63000E2806A960000501CCB867555,12,2025-10-06 18:01:39,2025-10-06 18:01:39,0m 0s,81.508,-2,,
D4E63000E2806A960000501CCB867555,12,2025-10-06 18:01:41,2025-10-06 18:01:41,0m 0s,81.508,-2,,
C0343000E2806A960000401CCB755969,24,2025-10-06 18:02:24,2025-10-06 18:02:50,0m 25s,-1,386.077,,
C0343000E2806A960000401CCB755969,24,2025-10-06 18:02:24,2025-10-06 18:02:50,0m 25s,-1,386.077,,
C0343000E2806A960000401CCB755969,24,2025-10-06 18:02:52,2025-10-06 18:02:52,0m 0s,77.102,-2,,
C0343000E2806A960000401CCB755969,24,2025-10-06 18:02:56,2025-10-06 18:02:56,0m 0s,77.102,-2,,
C0343000E2806A960000401CCB755969,24,2025-10-06 18:03:00,2025-10-06 18:03:01,0m 0s,77.102,-2,,
C0343000E2806A960000401CCB755969,24,2025-10-06 18:03:00,2025-10-06 18:03:01,0m 0s,77.102,-2,,
C0343000E2806A960000401CCB755969,24,2025-10-06 18:03:05,2025-10-06 18:03:05,0m 0s,77.102,-2,,
C0343000E2806A960000401CCB755969,24,2025-10-06 18:03:03,2025-10-06 18:03:03,0m 0s,77.102,-2,,
C0343000E2806A960000401CCB755969,24,2025-10-06 18:03:05,2025-10-06 18:03:05,0m 0s,77.102,-2,,
C0343000E2806A960000401CCB755969,24,2025-10-06 18:03:08,2025-10-06 18:03:08,0m 0s,77.102,-2,,
C0343000E2806A960000401CCB755969,24,2025-10-06 18:03:05,2025-10-06 18:03:05,0m 0s,77.102,-2,,
C0343000E2806A960000401CCB755969,24,2025-10-06 18:03:14,2025-10-06 18:03:14,0m 0s,77.102,-2,,
C0343000E2806A960000401CCB755969,24,2025-10-06 18:03:14,2025-10-06 18:03:14,0m 0s,77.102,-2,,
C0343000E2806A960000401CCB755969,24,2025-10-06 18:03:08,2025-10-06 18:03:08,0m 0s,77.102,-2,,
C0343000E2806A960000401CCB755969,24,2025-10-06 18:03:09,2025-10-06 18:03:09,0m 0s,77.102,-2,,
C0343000E2806A960000401CCB755969,24,2025-10-06 18:03:15,2025-10-06 18:03:15,0m 0s,77.102,-2,,
C0343000E2806A960000401CCB755969,24,2025-10-06 18:03:26,2025-10-06 18:03:26,0m 0s,77.102,-2,,
C0343000E2806A960000401CCB755969,24,2025-10-06 18:03:32,2025-10-06 18:03:32,0m 0s,77.102,-2,,
C0343000E2806A960000401CCB755969,24,2025-10-06 18:03:32,2025-10-06 18:03:32,0m 0s,77.102,-2,,
C0343000E2806A960000401CCB755969,24,2025-10-06 18:03:33,2025-10-06 18:03:33,0m 0s,77.102,-2,,
C0343000E2806A960000401CCB755969,24,2025-10-06 18:03:43,2025-10-06 18:03:43,0m 0s,77.102,-2,,
C0343000E2806A960000401CCB755969,24,2025-10-06 18:03:43,2025-10-06 18:03:43,0m 0s,77.102,-2,,
C0343000E2806A960000401CCB755969,24,2025-10-06 18:03:51,2025-10-06 18:03:51,0m 0s,77.102,-2,,
C0343000E2806A960000401CCB755969,24,2025-10-06 18:03:51,2025-10-06 18:03:51,0m 0s,77.102,-2,,
C0343000E2806A960000401CCB755969,24,2025-10-06 18:03:51,2025-10-06 18:03:51,0m 0s,77.102,-2,,
C0343000E2806A960000401CCB755969,24,2025-10-06 18:03:52,2025-10-06 18:03:52,0m 0s,77.102,-2,,
C0343000E2806A960000401CCB755969,24,2025-10-06 18:03:59,2025-10-06 18:03:59,0m 0s,77.102,-2,,
C0343000E2806A960000401CCB755969,24,2025-10-06 18:03:52,2025-10-06 18:03:52,0m 0s,77.102,-2,,
C0343000E2806A960000401CCB755969,24,2025-10-06 18:03:59,2025-10-06 18:03:59,0m 0s,77.102,-2,,
C0343000E2806A960000401CCB755969,24,2025-10-06 18:03:55,2025-10-06 18:03:55,0m 0s,77.102,-2,,
C0343000E2806A960000401CCB755969,24,2025-10-06 18:04:02,2025-10-06 18:04:02,0m 0s,77.102,-2,,
C0343000E2806A960000401CCB755969,24,2025-10-06 18:04:19,2025-10-06 18:04:19,0m 0s,77.102,-2,,
C0343000E2806A960000401CCB755969,24,2025-10-06 18:04:19,2025-10-06 18:04:19,0m 0s,77.102,-2,,
C0343000E2806A960000401CCB755969,24,2025-10-06 18:04:22,2025-10-06 18:04:22,0m 0s,77.102,-2,,
C0343000E2806A960000401CCB755969,24,2025-10-06 18:04:27,2025-10-06 18:04:27,0m 0s,77.102,-2,,
C0343000E2806A960000401CCB755969,24,2025-10-06 18:04:31,2025-10-06 18:04:31,0m 0s,77.102,-2,,
C0343000E2806A960000401CCB755969,24,2025-10-06 18:04:31,2025-10-06 18:04:31,0m 0s,77.102,-2,,
C0343000E2806A960000401CCB755969,24,2025-10-06 18:04:34,2025-10-06 18:04:34,0m 0s,77.102,-2,,
C0343000E2806A960000401CCB755969,24,2025-10-06 18:04:38,2025-10-06 18:04:38,0m 0s,77.102,-2,,
C0343000E2806A960000401CCB755969,24,2025-10-06 18:04:38,2025-10-06 18:04:38,0m 0s,77.102,-2,,
C0343000E2806A960000401CCB755969,24,2025-10-06 18:04:39,2025-10-06 18:04:39,0m 0s,77.102,-2,,
C0343000E2806A960000401CCB755969,24,2025-10-06 18:04:43,2025-10-06 18:04:43,0m 0s,77.102,-2,,
C0343000E2806A960000401CCB755969,24,2025-10-06 18:04:43,2025-10-06 18:04:43,0m 0s,77.102,-2,,
C0343000E2806A960000401CCB755969,24,2025-10-06 18:04:45,2025-10-06 18:04:45,0m 0s,77.102,-2,,
C0343000E2806A960000401CCB755969,24,2025-10-06 18:04:48,2025-10-06 18:04:48,0m 0s,77.102,-2,,
C0343000E2806A960000401CCB755969,24,2025-10-06 18:04:48,2025-10-06 18:04:48,0m 0s,77.102,-2,,
C0343000E2806A960000401CCB755969,24,2025-10-06 18:04:55,2025-10-06 18:04:55,0m 0s,77.102,-2,,
C0343000E2806A960000401CCB755969,24,2025-10-06 18:04:51,2025-10-06 18:04:51,0m 0s,77.102,-2,,
D4E63000E2806A960000501CCB867555,12,2025-10-06 18:06:31,2025-10-06 18:07:02,0m 30s,-1,410.131,,
C0343000E2806A960000401CCB755969,24,2025-10-06 18:07:05,2025-10-06 18:07:31,0m 26s,-1,386.551,,
C0343000E2806A960000401CCB755969,24,2025-10-06 18:07:39,2025-10-06 18:07:39,0m 0s,77.102,-2,,
C0343000E2806A960000401CCB755969,24,2025-10-06 18:07:39,2025-10-06 18:07:39,0m 0s,77.102,-2,,
C0343000E2806A960000401CCB755969,24,2025-10-06 18:07:39,2025-10-06 18:07:39,0m 0s,77.102,-2,,
C0343000E2806A960000401CCB755969,24,2025-10-06 18:07:39,2025-10-06 18:07:39,0m 0s,77.102,-2,,
C0343000E2806A960000401CCB755969,24,2025-10-06 18:07:39,2025-10-06 18:07:39,0m 0s,77.102,-2,,
C0343000E2806A960000401CCB755969,24,2025-10-06 18:07:41,2025-10-06 18:07:41,0m 0s,77.102,-2,,
C0343000E2806A960000401CCB755969,24,2025-10-06 18:07:41,2025-10-06 18:07:41,0m 0s,77.102,-2,,
C0343000E2806A960000401CCB755969,24,2025-10-06 18:07:41,2025-10-06 18:07:41,0m 0s,77.102,-2,,
C0343000E2806A960000401CCB755969,24,2025-10-06 18:07:41,2025-10-06 18:07:41,0m 0s,77.102,-2,,
C0343000E2806A960000401CCB755969,24,2025-10-06 18:07:39,2025-10-06 18:07:39,0m 0s,77.102,-2,,
C0343000E2806A960000401CCB755969,24,2025-10-06 18:07:41,2025-10-06 18:07:41,0m 0s,77.102,-2,,
C0343000E2806A960000401CCB755969,24,2025-10-06 18:07:42,2025-10-06 18:07:42,0m 0s,77.102,-2,,
C0343000E2806A960000401CCB755969,24,2025-10-06 18:07:39,2025-10-06 18:07:39,0m 0s,77.102,-2,,
C0343000E2806A960000401CCB755969,24,2025-10-06 18:07:42,2025-10-06 18:07:42,0m 0s,77.102,-2,,
C0343000E2806A960000401CCB755969,24,2025-10-06 18:07:41,2025-10-06 18:07:41,0m 0s,77.102,-2,,
C0343000E2806A960000401CCB755969,24,2025-10-06 18:07:42,2025-10-06 18:07:42,0m 0s,77.102,-2,,
C0343000E2806A960000401CCB755969,24,2025-10-06 18:07:44,2025-10-06 18:07:44,0m 0s,77.102,-2,,
C0343000E2806A960000401CCB755969,24,2025-10-06 18:07:41,2025-10-06 18:07:41,0m 0s,77.102,-2,,
C0343000E2806A960000401CCB755969,24,2025-10-06 18:07:42,2025-10-06 18:07:42,0m 0s,77.102,-2,,
C0343000E2806A960000401CCB755969,24,2025-10-06 18:07:42,2025-10-06 18:07:42,0m 0s,77.102,-2,,
C0343000E2806A960000401CCB755969,24,2025-10-06 18:07:44,2025-10-06 18:07:44,0m 0s,77.102,-2,,
C0343000E2806A960000401CCB755969,24,2025-10-06 18:07:44,2025-10-06 18:07:44,0m 0s,77.102,-2,,
C0343000E2806A960000401CCB755969,24,2025-10-06 18:07:44,2025-10-06 18:07:44,0m 0s,77.102,-2,,
C0343000E2806A960000401CCB755969,24,2025-10-06 18:07:42,2025-10-06 18:07:42,0m 0s,77.102,-2,,
C0343000E2806A960000401CCB755969,24,2025-10-06 18:07:46,2025-10-06 18:07:46,0m 0s,77.102,-2,,
C0343000E2806A960000401CCB755969,24,2025-10-06 18:07:46,2025-10-06 18:07:46,0m 0s,77.102,-2,,
C0343000E2806A960000401CCB755969,24,2025-10-06 18:07:44,2025-10-06 18:07:44,0m 0s,77.102,-2,,
C0343000E2806A960000401CCB755969,24,2025-10-06 18:07:48,2025-10-06 18:07:48,0m 0s,77.102,-2,,
C0343000E2806A960000401CCB755969,24,2025-10-06 18:07:46,2025-10-06 18:07:46,0m 0s,77.102,-2,,
C0343000E2806A960000401CCB755969,24,2025-10-06 18:07:48,2025-10-06 18:07:48,0m 0s,77.102,-2,,
C0343000E2806A960000401CCB755969,24,2025-10-06 18:08:22,2025-10-06 18:08:23,0m 0s,77.102,-2,,
C0343000E2806A960000401CCB755969,24,2025-10-06 18:07:49,2025-10-06 18:07:49,0m 0s,77.102,-2,,
C0343000E2806A960000401CCB755969,24,2025-10-06 18:08:27,2025-10-06 18:08:27,0m 0s,77.102,-2,,
C0343000E2806A960000401CCB755969,24,2025-10-06 18:08:25,2025-10-06 18:08:25,0m 0s,77.102,-2,,
C0343000E2806A960000401CCB755969,24,2025-10-06 18:08:27,2025-10-06 18:08:27,0m 0s,77.102,-2,,
C0343000E2806A960000401CCB755969,24,2025-10-06 18:08:29,2025-10-06 18:08:29,0m 0s,77.102,-2,,
C0343000E2806A960000401CCB755969,24,2025-10-06 18:08:41,2025-10-06 18:08:41,0m 0s,77.102,-2,,
C0343000E2806A960000401CCB755969,24,2025-10-06 18:08:43,2025-10-06 18:08:43,0m 0s,77.102,-2,,
C0343000E2806A960000401CCB755969,24,2025-10-06 18:09:10,2025-10-06 18:09:13,0m 3s,77.102,-2,,
C0343000E2806A960000401CCB755969,24,2025-10-06 18:09:25,2025-10-06 18:09:25,0m 0s,77.102,-2,,
C0343000E2806A960000401CCB755969,24,2025-10-06 18:09:25,2025-10-06 18:09:25,0m 0s,77.102,-2,,
C0343000E2806A960000401CCB755969,24,2025-10-06 18:09:31,2025-10-06 18:09:31,0m 0s,77.102,-2,,
C0343000E2806A960000401CCB755969,24,2025-10-06 18:09:27,2025-10-06 18:09:27,0m 0s,77.102,-2,,
C0343000E2806A960000401CCB755969,24,2025-10-06 18:09:31,2025-10-06 18:09:31,0m 0s,77.102,-2,,
C0343000E2806A960000401CCB755969,24,2025-10-06 18:09:31,2025-10-06 18:09:31,0m 0s,77.102,-2,,
C0343000E2806A960000401CCB755969,24,2025-10-06 18:09:31,2025-10-06 18:09:31,0m 0s,77.102,-2,,
C0343000E2806A960000401CCB755969,24,2025-10-06 18:09:33,2025-10-06 18:09:33,0m 0s,77.102,-2,,
C0343000E2806A960000401CCB755969,24,2025-10-06 18:09:33,2025-10-06 18:09:33,0m 0s,77.102,-2,,
C0343000E2806A960000401CCB755969,24,2025-10-06 18:09:33,2025-10-06 18:09:33,0m 0s,77.102,-2,,
C0343000E2806A960000401CCB755969,24,2025-10-06 18:09:33,2025-10-06 18:09:33,0m 0s,77.102,-2,,
C0343000E2806A960000401CCB755969,24,2025-10-06 18:09:35,2025-10-06 18:09:35,0m 0s,77.102,-2,,
C0343000E2806A960000401CCB755969,24,2025-10-06 18:09:35,2025-10-06 18:09:35,0m 0s,77.102,-2,,
C0343000E2806A960000401CCB755969,24,2025-10-06 18:09:35,2025-10-06 18:09:35,0m 0s,77.102,-2,,
C0343000E2806A960000401CCB755969,24,2025-10-06 18:09:37,2025-10-06 18:09:37,0m 0s,77.102,-2,,
C0343000E2806A960000401CCB755969,24,2025-10-06 18:09:37,2025-10-06 18:09:37,0m 0s,77.102,-2,,
C0343000E2806A960000401CCB755969,24,2025-10-06 18:09:39,2025-10-06 18:09:39,0m 0s,77.102,-2,,
C0343000E2806A960000401CCB755969,24,2025-10-06 18:15:18,2025-10-06 18:15:45,0m 27s,78.123,477.593,0.61,
C0343000E2806A960000401CCB755969,24,2025-10-06 18:15:58,2025-10-06 18:15:58,0m 0s,78.123,-2,,
C0343000E2806A960000401CCB755969,24,2025-10-06 18:15:58,2025-10-06 18:15:58,0m 0s,78.123,-2,,
C0343000E2806A960000401CCB755969,24,2025-10-06 18:16:03,2025-10-06 18:16:03,0m 0s,78.123,-2,,
C0343000E2806A960000401CCB755969,24,2025-10-06 18:16:00,2025-10-06 18:16:00,0m 0s,78.123,-2,,
C0343000E2806A960000401CCB755969,24,2025-10-06 18:16:03,2025-10-06 18:16:03,0m 0s,78.123,-2,,
C0343000E2806A960000401CCB755969,24,2025-10-06 18:16:03,2025-10-06 18:16:03,0m 0s,78.123,-2,,
C0343000E2806A960000401CCB755969,24,2025-10-06 18:16:06,2025-10-06 18:16:06,0m 0s,78.123,-2,,
C0343000E2806A960000401CCB755969,24,2025-10-06 18:16:11,2025-10-06 18:16:11,0m 0s,78.123,-2,,
C0343000E2806A960000401CCB755969,24,2025-10-06 18:16:06,2025-10-06 18:16:06,0m 0s,78.123,-2,,
C0343000E2806A960000401CCB755969,24,2025-10-06 18:16:08,2025-10-06 18:16:08,0m 0s,78.123,-2,,
C0343000E2806A960000401CCB755969,24,2025-10-06 18:22:48,2025-10-06 18:23:22,0m 33s,77.859,564.923,0.73,
C0343000E2806A960000401CCB755969,24,2025-10-06 18:23:36,2025-10-06 18:23:56,0m 20s,77.859,-2,,
C0343000E2806A960000401CCB755969,24,2025-10-06 18:24:03,2025-10-06 18:24:30,0m 26s,77.859,-2,,
D4E63000E2806A960000501CCB867555,12,2025-10-06 18:24:53,2025-10-06 18:25:19,0m 26s,-1,408.827,,
D4E63000E2806A960000501CCB867555,12,2025-10-06 18:25:32,2025-10-06 18:25:49,0m 17s,81.508,-2,,
D4E63000E2806A960000501CCB867555,12,2025-10-06 18:26:03,2025-10-06 18:27:00,0m 56s,81.508,-2,,
D4E63000E2806A960000501CCB867555,12,2025-10-06 18:28:49,2025-10-06 18:36:16,7m 26s,81.508,-2,,
C0343000E2806A960000401CCB755969,24,2025-10-06 18:36:29,2025-10-06 18:38:47,2m 17s,77.859,-2,,
D4E63000E2806A960000501CCB867555,12,2025-10-06 18:40:11,2025-10-06 18:40:44,0m 32s,81.508,-2,,
C0343000E2806A960000401CCB755969,24,2025-10-06 18:41:36,2025-10-06 18:41:54,0m 18s,77.859,-2,,
C0343000E2806A960000401CCB755969,24,2025-10-06 19:07:59,2025-10-06 19:08:00,0m 0s,77.859,-2,,
C0343000E2806A960000401CCB755969,24,2025-10-06 19:07:59,2025-10-06 19:08:00,0m 0s,77.859,-2,,
C0343000E2806A960000401CCB755969,24,2025-10-06 19:08:02,2025-10-06 19:08:03,0m 0s,77.859,-2,,
C0343000E2806A960000401CCB755969,24,2025-10-06 19:08:09,2025-10-06 19:08:09,0m 0s,77.859,-2,,
C0343000E2806A960000401CCB755969,24,2025-10-06 19:08:14,2025-10-06 19:08:15,0m 0s,77.859,-2,,
C0343000E2806A960000401CCB755969,24,2025-10-06 19:08:20,2025-10-06 19:08:21,0m 0s,77.859,-2,,
C0343000E2806A960000401CCB755969,24,2025-10-06 19:08:27,2025-10-06 19:08:28,0m 0s,77.859,-2,,
C0343000E2806A960000401CCB755969,24,2025-10-06 19:08:33,2025-10-06 19:08:33,0m 0s,77.859,-2,,
C0343000E2806A960000401CCB755969,24,2025-10-06 19:09:39,2025-10-06 19:10:28,0m 48s,77.859,-2,,
C0343000E2806A960000401CCB755969,24,2025-10-06 19:11:00,2025-10-06 19:11:32,0m 31s,77.859,-2,,
C0343000E2806A960000401CCB755969,24,2025-10-06 19:12:24,2025-10-06 19:13:20,0m 56s,77.859,-2,,
C0343000E2806A960000401CCB755969,24,2025-10-06 19:20:33,2025-10-06 19:21:00,0m 26s,77.859,-2,,
C0343000E2806A960000401CCB755969,24,2025-10-06 19:27:46,2025-10-06 19:27:57,0m 11s,77.859,-2,,
D4E63000E2806A960000501CCB867555,12,2025-10-06 19:28:32,2025-10-06 19:29:34,1m 2s,81.508,-2,,
C0343000E2806A960000401CCB755969,24,2025-10-06 19:55:58,2025-10-06 19:58:30,2m 32s,77.859,-2,,
D4E63000E2806A960000501CCB867555,12,2025-10-06 19:59:54,2025-10-06 20:01:13,1m 19s,81.508,-2,,
C0343000E2806A960000401CCB755969,24,2025-10-06 21:36:31,2025-10-06 21:38:01,1m 30s,77.859,-2,,
C0343000E2806A960000401CCB755969,24,2025-10-06 21:38:27,2025-10-06 21:39:55,1m 27s,77.859,-2,,
C0343000E2806A960000401CCB755969,24,2025-10-06 21:40:00,2025-10-06 21:40:27,0m 26s,77.859,-2,,
D4E63000E2806A960000501CCB867555,12,2025-10-07 0:24:23,2025-10-07 0:24:46,0m 23s,81.508,-2,,
D4E63000E2806A960000501CCB867555,12,2025-10-07 1:47:21,2025-10-07 1:48:58,1m 36s,81.508,-2,,
D4E63000E2806A960000501CCB867555,12,2025-10-07 4:10:20,2025-10-07 4:11:32,1m 11s,81.508,-2,,
D4E63000E2806A960000501CCB867555,12,2025-10-07 8:04:44,2025-10-07 8:21:41,16m 57s,68.383,408.939,0.60,
C0343000E2806A960000401CCB755969,24,2025-10-07 8:21:50,2025-10-07 8:45:07,23m 17s,72.878,393.648,0.54,
D4E63000E2806A960000501CCB867555,12,2025-10-07 8:45:27,2025-10-07 8:46:00,0m 33s,68.383,-2,,
9CD93000E2806A960000401CCB85916B,Rafael,2025-10-07 11:16:41,2025-10-07 11:17:37,0m 55s,76.792,391.689,,
9CD93000E2806A960000401CCB85916B,Rafael,2025-10-07 11:18:08,2025-10-07 11:19:34,1m 26s,76.792,391.689,0.51,
D4E63000E2806A960000501CCB867555,12,2025-10-07 17:14:47,2025-10-07 17:20:55,6m 7s,71.945,351.832,0.49,
D4E63000E2806A960000501CCB867555,12,2025-10-07 17:21:42,2025-10-07 17:23:32,1m 50s,71.945,-2,,
D4E63000E2806A960000501CCB867555,12,2025-10-07 17:27:23,2025-10-07 17:29:36,2m 12s,71.945,-2,,
C0343000E2806A960000401CCB755969,24,2025-10-07 17:45:12,2025-10-07 17:58:06,12m 53s,74.867,367.25,0.49,
D4E63000E2806A960000501CCB867555,12,2025-10-07 17:58:38,2025-10-07 18:00:25,1m 47s,71.945,-2,,
C0343000E2806A960000401CCB755969,24,2025-10-07 18:00:36,2025-10-07 18:02:19,1m 43s,74.867,-2,,
D4E63000E2806A960000501CCB867555,12,2025-10-07 18:07:01,2025-10-07 18:09:25,2m 24s,71.945,-2,,
D4E63000E2806A960000501CCB867555,12,2025-10-07 18:07:01,2025-10-07 18:09:25,2m 24s,71.945,-2,,
C0343000E2806A960000401CCB755969,24,2025-10-07 18:09:36,2025-10-07 18:15:33,5m 57s,74.867,-2,,
C0343000E2806A960000401CCB755969,24,2025-10-07 18:09:36,2025-10-07 18:15:33,5m 57s,74.867,-2,,
C0343000E2806A960000401CCB755969,24,2025-10-07 18:54:12,2025-10-07 18:55:00,0m 47s,74.867,-2,,
D4E63000E2806A960000501CCB867555,12,2025-10-07 20:40:29,2025-10-07 20:40:59,0m 30s,71.945,-2,,
C0343000E2806A960000401CCB755969,24,2025-10-07 21:09:54,2025-10-07 21:10:46,0m 51s,74.867,-2,,
D4E63000E2806A960000501CCB867555,12,2025-10-08 0:28:30,2025-10-08 0:29:34,1m 4s,71.945,-2,,
D4E63000E2806A960000501CCB867555,12,2025-10-08 6:17:06,2025-10-08 6:20:13,3m 6s,71.945,-2,,
D4E63000E2806A960000501CCB867555,12,2025-10-08 7:20:46,2025-10-08 7:22:44,1m 57s,71.945,-2,,
C0343000E2806A960000401CCB755969,24,2025-10-08 7:25:43,2025-10-08 7:26:20,0m 36s,74.867,-2,,
D4E63000E2806A960000501CCB867555,12,2025-10-08 7:29:12,2025-10-08 7:34:27,5m 15s,71.945,-2,,
C0343000E2806A960000401CCB755969,24,2025-10-08 7:45:31,2025-10-08 8:03:34,18m 3s,87.21,375.836,0.43,FALSE
D4E63000E2806A960000501CCB867555,12,2025-10-08 8:03:53,2025-10-08 8:25:58,22m 5s,69.014,883.131,1.28,TRUE
C0343000E2806A960000401CCB755969,24,2025-10-08 8:26:21,2025-10-08 8:34:45,8m 24s,87.21,-2,,
D4E63000E2806A960000501CCB867555,12,2025-10-08 8:35:00,2025-10-08 8:36:21,1m 20s,69.014,-2,,
C0343000E2806A960000401CCB755969,24,2025-10-08 8:36:31,2025-10-08 8:38:34,2m 2s,87.21,-2,,
C0343000E2806A960000401CCB755969,24,2025-10-08 8:45:48,2025-10-08 8:48:29,2m 41s,87.21,-2,,
D4E63000E2806A960000501CCB867555,12,2025-10-08 9:11:16,2025-10-08 9:12:09,0m 52s,69.014,-2,,
C0343000E2806A960000401CCB755969,24,2025-10-08 9:12:15,2025-10-08 9:13:26,1m 11s,87.21,-2,,
C0343000E2806A960000401CCB755969,24,2025-10-08 9:29:15,2025-10-08 9:31:44,2m 29s,87.21,-2,,
D4E63000E2806A960000501CCB867555,12,2025-10-08 9:51:14,2025-10-08 9:51:46,0m 32s,69.014,-2,,
9CD93000E2806A960000401CCB85916B,Rafael,2025-10-08 10:10:43,2025-10-08 10:11:06,0m 23s,-1,390.351,,
9CD93000E2806A960000401CCB85916B,Rafael,2025-10-08 10:12:10,2025-10-08 10:12:52,0m 42s,79.966,385.326,,
9CD93000E2806A960000401CCB85916B,Rafael,2025-10-08 10:13:11,2025-10-08 10:13:38,0m 27s,-1,399.848,,
9CD93000E2806A960000401CCB85916B,Rafael,2025-10-08 10:14:20,2025-10-08 10:16:19,1m 58s,-1,399.848,,
9CD93000E2806A960000401CCB85916B,Rafael,2025-10-08 10:16:26,2025-10-08 10:17:14,0m 48s,-1,400.025,,
9CD93000E2806A960000401CCB85916B,Rafael,2025-10-08 11:19:30,2025-10-08 11:20:27,0m 56s,75.389,400.316,,
C0343000E2806A960000401CCB755969,24,2025-10-08 18:14:07,2025-10-08 18:27:52,13m 44s,78.423,436.091,,
D4E63000E2806A960000501CCB867555,12,2025-10-08 18:28:17,2025-10-08 18:28:42,0m 25s,-1,346.486,,
D4E63000E2806A960000501CCB867555,12,2025-10-08 18:30:36,2025-10-08 18:30:37,0m 0s,69.014,-2,,
D4E63000E2806A960000501CCB867555,12,2025-10-08 18:30:50,2025-10-08 18:30:51,0m 0s,69.014,-2,,
D4E63000E2806A960000501CCB867555,12,2025-10-08 18:31:31,2025-10-08 18:31:32,0m 0s,69.014,-2,,
D4E63000E2806A960000501CCB867555,12,2025-10-08 18:31:45,2025-10-08 18:31:46,0m 0s,69.014,-2,,
D4E63000E2806A960000501CCB867555,12,2025-10-08 18:32:06,2025-10-08 18:32:07,0m 0s,69.014,-2,,
D4E63000E2806A960000501CCB867555,12,2025-10-08 18:32:53,2025-10-08 18:32:54,0m 0s,69.014,-2,,
D4E63000E2806A960000501CCB867555,12,2025-10-08 18:32:53,2025-10-08 18:32:54,0m 0s,69.014,-2,,
D4E63000E2806A960000501CCB867555,12,2025-10-08 18:32:56,2025-10-08 18:32:57,0m 0s,69.014,-2,,
D4E63000E2806A960000501CCB867555,12,2025-10-08 18:34:05,2025-10-08 18:34:06,0m 0s,69.014,-2,,
D4E63000E2806A960000501CCB867555,12,2025-10-08 18:34:20,2025-10-08 18:34:21,0m 0s,69.014,-2,,
D4E63000E2806A960000501CCB867555,12,2025-10-08 18:34:20,2025-10-08 18:34:21,0m 0s,69.014,-2,,
D4E63000E2806A960000501CCB867555,12,2025-10-08 18:34:22,2025-10-08 18:34:23,0m 0s,69.014,-2,,
D4E63000E2806A960000501CCB867555,12,2025-10-08 18:34:42,2025-10-08 18:34:43,0m 0s,69.014,-2,,
D4E63000E2806A960000501CCB867555,12,2025-10-08 18:35:06,2025-10-08 18:35:07,0m 0s,69.014,-2,,
D4E63000E2806A960000501CCB867555,12,2025-10-08 18:35:19,2025-10-08 18:35:20,0m 0s,69.014,-2,,
D4E63000E2806A960000501CCB867555,12,2025-10-08 18:35:25,2025-10-08 18:35:26,0m 0s,69.014,-2,,
D4E63000E2806A960000501CCB867555,12,2025-10-08 18:35:45,2025-10-08 18:35:46,0m 0s,69.014,-2,,
D4E63000E2806A960000501CCB867555,12,2025-10-08 18:35:51,2025-10-08 18:35:52,0m 0s,69.014,-2,,
D4E63000E2806A960000501CCB867555,12,2025-10-08 18:36:11,2025-10-08 18:36:11,0m 0s,69.014,-2,,
D4E63000E2806A960000501CCB867555,12,2025-10-08 18:36:22,2025-10-08 18:36:23,0m 0s,69.014,-2,,
D4E63000E2806A960000501CCB867555,12,2025-10-08 18:36:33,2025-10-08 18:36:34,0m 0s,69.014,-2,,
D4E63000E2806A960000501CCB867555,12,2025-10-08 18:36:39,2025-10-08 18:36:39,0m 0s,69.014,-2,,
D4E63000E2806A960000501CCB867555,12,2025-10-08 18:36:39,2025-10-08 18:36:39,0m 0s,69.014,-2,,
D4E63000E2806A960000501CCB867555,12,2025-10-08 18:36:41,2025-10-08 18:36:42,0m 0s,69.014,-2,,
D4E63000E2806A960000501CCB867555,12,2025-10-08 18:36:47,2025-10-08 18:36:48,0m 0s,69.014,-2,,
C0343000E2806A960000401CCB755969,24,2025-10-08 18:37:07,2025-10-08 18:37:09,0m 1s,78.423,-2,,
C0343000E2806A960000401CCB755969,24,2025-10-08 18:37:07,2025-10-08 18:37:09,0m 1s,78.423,-2,,
C0343000E2806A960000401CCB755969,24,2025-10-08 18:37:07,2025-10-08 18:37:09,0m 1s,78.423,-2,,
C0343000E2806A960000401CCB755969,24,2025-10-08 18:37:10,2025-10-08 18:37:11,0m 0s,78.423,-2,,
C0343000E2806A960000401CCB755969,24,2025-10-08 18:37:15,2025-10-08 18:37:16,0m 0s,78.423,-2,,
C0343000E2806A960000401CCB755969,24,2025-10-08 18:37:10,2025-10-08 18:37:11,0m 0s,78.423,-2,,
C0343000E2806A960000401CCB755969,24,2025-10-08 18:37:13,2025-10-08 18:37:14,0m 0s,78.423,-2,,
C0343000E2806A960000401CCB755969,24,2025-10-08 18:37:21,2025-10-08 18:37:22,0m 0s,78.423,-2,,
C0343000E2806A960000401CCB755969,24,2025-10-08 18:37:24,2025-10-08 18:37:24,0m 0s,78.423,-2,,
C0343000E2806A960000401CCB755969,24,2025-10-08 18:37:26,2025-10-08 18:37:27,0m 0s,78.423,-2,,
C0343000E2806A960000401CCB755969,24,2025-10-08 18:37:31,2025-10-08 18:37:32,0m 0s,78.423,-2,,
C0343000E2806A960000401CCB755969,24,2025-10-08 18:37:36,2025-10-08 18:37:37,0m 0s,78.423,-2,,
C0343000E2806A960000401CCB755969,24,2025-10-08 18:37:36,2025-10-08 18:37:37,0m 0s,78.423,-2,,
C0343000E2806A960000401CCB755969,24,2025-10-08 18:37:39,2025-10-08 18:37:40,0m 0s,78.423,-2,,
C0343000E2806A960000401CCB755969,24,2025-10-08 18:37:44,2025-10-08 18:37:45,0m 0s,78.423,-2,,
C0343000E2806A960000401CCB755969,24,2025-10-08 18:37:50,2025-10-08 18:37:50,0m 0s,78.423,-2,,
C0343000E2806A960000401CCB755969,24,2025-10-08 18:37:55,2025-10-08 18:37:56,0m 0s,78.423,-2,,
C0343000E2806A960000401CCB755969,24,2025-10-08 18:38:00,2025-10-08 18:38:01,0m 0s,78.423,-2,,
C0343000E2806A960000401CCB755969,24,2025-10-08 18:38:06,2025-10-08 18:38:07,0m 0s,78.423,-2,,
C0343000E2806A960000401CCB755969,24,2025-10-08 18:38:11,2025-10-08 18:38:12,0m 0s,78.423,-2,,
C0343000E2806A960000401CCB755969,24,2025-10-08 18:38:18,2025-10-08 18:38:19,0m 0s,78.423,-2,,
C0343000E2806A960000401CCB755969,24,2025-10-08 18:38:32,2025-10-08 18:38:33,0m 0s,78.423,-2,,
C0343000E2806A960000401CCB755969,24,2025-10-08 18:38:37,2025-10-08 18:38:38,0m 0s,78.423,-2,,
D4E63000E2806A960000501CCB867555,12,2025-10-08 18:39:13,2025-10-08 18:39:14,0m 1s,69.014,-2,,
D4E63000E2806A960000501CCB867555,12,2025-10-08 18:39:20,2025-10-08 18:39:21,0m 0s,69.014,-2,,
D4E63000E2806A960000501CCB867555,12,2025-10-08 18:39:20,2025-10-08 18:39:21,0m 0s,69.014,-2,,
D4E63000E2806A960000501CCB867555,12,2025-10-08 18:39:23,2025-10-08 18:39:24,0m 0s,69.014,-2,,
D4E63000E2806A960000501CCB867555,12,2025-10-08 18:39:35,2025-10-08 18:39:35,0m 0s,69.014,-2,,
D4E63000E2806A960000501CCB867555,12,2025-10-08 18:39:44,2025-10-08 18:39:44,0m 0s,69.014,-2,,
D4E63000E2806A960000501CCB867555,12,2025-10-08 18:39:49,2025-10-08 18:39:50,0m 0s,69.014,-2,,
D4E63000E2806A960000501CCB867555,12,2025-10-08 18:39:54,2025-10-08 18:39:55,0m 0s,69.014,-2,,
D4E63000E2806A960000501CCB867555,12,2025-10-08 18:40:00,2025-10-08 18:40:01,0m 0s,69.014,-2,,
D4E63000E2806A960000501CCB867555,12,2025-10-08 18:40:11,2025-10-08 18:40:12,0m 0s,69.014,-2,,
D4E63000E2806A960000501CCB867555,12,2025-10-08 18:40:16,2025-10-08 18:40:17,0m 0s,69.014,-2,,
D4E63000E2806A960000501CCB867555,12,2025-10-08 18:40:27,2025-10-08 18:40:28,0m 0s,69.014,-2,,
D4E63000E2806A960000501CCB867555,12,2025-10-08 18:40:45,2025-10-08 18:40:46,0m 0s,69.014,-2,,
C0343000E2806A960000401CCB755969,24,2025-10-08 22:23:42,2025-10-08 22:25:50,2m 8s,78.423,-2,,
D4E63000E2806A960000501CCB867555,12,2025-10-08 22:25:58,2025-10-08 22:27:39,1m 41s,69.014,-2,,
C0343000E2806A960000401CCB755969,24,2025-10-08 22:27:50,2025-10-08 22:28:35,0m 45s,78.423,-2,,
C0343000E2806A960000401CCB755969,24,2025-10-08 22:40:18,2025-10-08 22:41:23,1m 5s,78.423,-2,,
C0343000E2806A960000401CCB755969,24,2025-10-09 1:02:00,2025-10-09 1:04:42,2m 42s,78.423,-2,,
D4E63000E2806A960000501CCB867555,12,2025-10-09 1:04:47,2025-10-09 1:05:49,1m 1s,69.014,-2,,
D4E63000E2806A960000501CCB867555,12,2025-10-09 4:32:16,2025-10-09 4:33:22,1m 6s,69.014,-2,,
C0343000E2806A960000401CCB755969,24,2025-10-09 6:27:55,2025-10-09 6:34:41,6m 45s,78.423,-2,,
D4E63000E2806A960000501CCB867555,12,2025-10-09 6:34:48,2025-10-09 6:35:40,0m 52s,69.014,-2,,
C0343000E2806A960000401CCB755969,24,2025-10-09 6:36:39,2025-10-09 6:40:45,4m 6s,78.423,-2,,
D4E63000E2806A960000501CCB867555,12,2025-10-09 7:48:18,2025-10-09 8:02:56,14m 37s,-1,349.95,,
C0343000E2806A960000401CCB755969,24,2025-10-09 8:03:00,2025-10-09 8:16:45,13m 44s,74.799,393.865,,
D4E63000E2806A960000501CCB867555,12,2025-10-09 8:17:07,2025-10-09 8:21:00,3m 52s,69.014,-2,,
C0343000E2806A960000401CCB755969,24,2025-10-09 8:21:04,2025-10-09 8:23:36,2m 32s,74.799,-2,,
D4E63000E2806A960000501CCB867555,12,2025-10-09 8:23:43,2025-10-09 8:23:55,0m 12s,69.014,-2,,
C0343000E2806A960000401CCB755969,24,2025-10-09 8:24:07,2025-10-09 8:24:28,0m 20s,74.799,-2,,
D4E63000E2806A960000501CCB867555,12,2025-10-09 8:26:02,2025-10-09 8:26:35,0m 32s,69.014,-2,,
C0343000E2806A960000401CCB755969,24,2025-10-09 8:28:48,2025-10-09 8:29:37,0m 48s,74.799,-2,,
34E23000E2806A960000401CCB84F52A,Ovelha001,2025-10-09 13:38:40,2025-10-09 13:39:22,0m 42s,-1,483.469,,
34E23000E2806A960000401CCB84F52A,Ovelha001,2025-10-09 13:57:45,2025-10-09 13:58:39,0m 53s,-1,1001.045,,
34E23000E2806A960000401CCB84F52A,Ovelha001,2025-10-09 14:04:08,2025-10-09 14:06:05,1m 57s,-1,1000.456,,
34E23000E2806A960000401CCB84F52A,Ovelha001,2025-10-09 14:06:35,2025-10-09 14:07:56,1m 21s,-1,1001.237,,
34E23000E2806A960000401CCB84F52A,Ovelha001,2025-10-09 14:16:49,2025-10-09 14:17:50,1m 0s,-1,1084.061,,
34E23000E2806A960000401CCB84F52A,Ovelha001,2025-10-09 14:29:10,2025-10-09 14:30:09,0m 59s,-1,1000.554,,
34E23000E2806A960000401CCB84F52A,Ovelha001,2025-10-09 14:37:45,2025-10-09 14:38:48,1m 3s,-1,1005.587,,
34E23000E2806A960000401CCB84F52A,Ovelha001,2025-10-09 14:39:03,2025-10-09 14:40:02,0m 58s,-1,1005.018,,
34E23000E2806A960000401CCB84F52A,Ovelha001,2025-10-09 14:46:11,2025-10-09 14:46:37,0m 26s,-1,300.517,,
34E23000E2806A960000401CCB84F52A,Ovelha001,2025-10-09 14:47:15,2025-10-09 14:47:51,0m 36s,-1,302.157,,
C0343000E2806A960000401CCB755969,24,2025-10-09 14:58:53,2025-10-09 14:59:14,0m 21s,77.859,-2,,
C0343000E2806A960000401CCB755969,24,2025-10-09 15:00:07,2025-10-09 15:06:02,5m 55s,65.242,392.927,,
C0343000E2806A960000401CCB755969,24,2025-10-09 15:06:04,2025-10-09 15:06:43,0m 38s,65.242,-2,,
C0343000E2806A960000401CCB755969,24,2025-10-09 15:06:45,2025-10-09 15:07:01,0m 15s,65.242,-2,,
9CD93000E2806A960000401CCB85916B,Rafael,2025-10-09 15:15:31,2025-10-09 15:15:59,0m 28s,-1,391.627,,
9CD93000E2806A960000401CCB85916B,Rafael,2025-10-09 15:16:24,2025-10-09 15:16:55,0m 30s,-1,390.451,,
9CD93000E2806A960000401CCB85916B,Rafael,2025-10-09 15:19:01,2025-10-09 15:19:52,0m 50s,-1,392.011,,
9CD93000E2806A960000401CCB85916B,Rafael,2025-10-09 15:20:16,2025-10-09 15:20:58,0m 42s,-1,394.138,,
D4E63000E2806A960000501CCB867555,12,2025-10-09 17:03:54,2025-10-09 17:16:42,12m 47s,72.306,411.675,,
C0343000E2806A960000401CCB755969,24,2025-10-09 17:16:45,2025-10-09 17:20:08,3m 23s,-1,327.672,,
C0343000E2806A960000401CCB755969,24,2025-10-09 17:20:16,2025-10-09 17:29:28,9m 11s,65.242,-2,,
D4E63000E2806A960000501CCB867555,12,2025-10-09 17:29:35,2025-10-09 17:31:31,1m 56s,72.306,-2,,
C0343000E2806A960000401CCB755969,24,2025-10-09 17:31:33,2025-10-09 17:32:34,1m 1s,65.242,-2,,
C0343000E2806A960000401CCB755969,24,2025-10-09 17:35:33,2025-10-09 17:39:18,3m 45s,65.242,-2,,
C0343000E2806A960000401CCB755969,24,2025-10-09 17:46:16,2025-10-09 17:49:19,3m 3s,65.242,-2,,
D4E63000E2806A960000501CCB867555,12,2025-10-09 17:51:47,2025-10-09 17:52:53,1m 5s,72.306,-2,,
C0343000E2806A960000401CCB755969,24,2025-10-09 17:53:11,2025-10-09 17:53:57,0m 45s,65.242,-2,,
D4E63000E2806A960000501CCB867555,12,2025-10-09 18:07:29,2025-10-09 18:08:21,0m 52s,72.306,-2,,
C0343000E2806A960000401CCB755969,24,2025-10-09 18:08:23,2025-10-09 18:09:25,1m 1s,65.242,-2,,
C0343000E2806A960000401CCB755969,24,2025-10-09 20:52:45,2025-10-09 20:56:01,3m 15s,65.242,-2,,
C0343000E2806A960000401CCB755969,24,2025-10-09 20:56:29,2025-10-09 20:57:28,0m 59s,65.242,-2,,
C0343000E2806A960000401CCB755969,24,2025-10-10 3:56:16,2025-10-10 3:57:36,1m 20s,65.242,-2,,
D4E63000E2806A960000501CCB867555,12,2025-10-10 6:20:49,2025-10-10 6:22:50,2m 0s,72.306,-2,,
C0343000E2806A960000401CCB755969,24,2025-10-10 6:22:57,2025-10-10 6:23:16,0m 19s,65.242,-2,,
D4E63000E2806A960000501CCB867555,12,2025-10-10 6:28:40,2025-10-10 6:31:19,2m 39s,72.306,-2,,
D4E63000E2806A960000501CCB867555,12,2025-10-10 7:17:02,2025-10-10 7:18:48,1m 45s,72.306,-2,,
C0343000E2806A960000401CCB755969,24,2025-10-10 7:18:53,2025-10-10 7:21:17,2m 24s,65.242,-2,,
C0343000E2806A960000401CCB755969,24,2025-10-10 7:59:38,2025-10-10 8:01:36,1m 57s,73.778,329.523,,
C0343000E2806A960000401CCB755969,24,2025-10-10 8:01:38,2025-10-10 8:04:20,2m 41s,73.778,-2,,
C0343000E2806A960000401CCB755969,24,2025-10-10 8:04:22,2025-10-10 8:06:23,2m 0s,73.778,-2,,
C0343000E2806A960000401CCB755969,24,2025-10-10 8:06:24,2025-10-10 8:06:28,0m 3s,73.778,-2,,
C0343000E2806A960000401CCB755969,24,2025-10-10 8:06:30,2025-10-10 8:09:36,3m 6s,73.778,-2,,
D4E63000E2806A960000501CCB867555,12,2025-10-10 8:09:53,2025-10-10 8:32:09,22m 16s,-1,361.777,,
C0343000E2806A960000401CCB755969,24,2025-10-10 8:37:40,2025-10-10 8:38:45,1m 5s,73.778,-2,,
9CD93000E2806A960000401CCB85916B,Rafael,2025-10-10 16:18:42,2025-10-10 16:19:13,0m 31s,-1,391.743,,
9CD93000E2806A960000401CCB85916B,Rafael,2025-10-10 16:19:25,2025-10-10 16:19:54,0m 28s,-1,392.481,,
9CD93000E2806A960000401CCB85916B,Rafael,2025-10-10 16:48:41,2025-10-10 16:49:10,0m 28s,-1,393.912,,
9CD93000E2806A960000401CCB85916B,Rafael,2025-10-10 16:49:28,2025-10-10 16:50:12,0m 43s,-1,391.766,,
9CD93000E2806A960000401CCB85916B,Rafael,2025-10-10 16:50:15,2025-10-10 16:50:51,0m 36s,-1,390.43,,
9CD93000E2806A960000401CCB85916B,Rafael,2025-10-10 16:50:54,2025-10-10 16:51:45,0m 50s,-1,391.718,,
9CD93000E2806A960000401CCB85916B,Rafael,2025-10-10 16:51:51,2025-10-10 16:52:34,0m 42s,-1,391.718,,
9CD93000E2806A960000401CCB85916B,Rafael,2025-10-10 16:57:27,2025-10-10 16:57:57,0m 30s,-1,391.525,,
9CD93000E2806A960000401CCB85916B,Rafael,2025-10-10 17:00:34,2025-10-10 17:01:08,0m 33s,-1,390.705,,
9CD93000E2806A960000401CCB85916B,Rafael,2025-10-10 17:01:10,2025-10-10 17:01:38,0m 28s,77.5,390.699,,
C0343000E2806A960000401CCB755969,24,2025-10-10 17:03:29,2025-10-10 17:07:57,4m 28s,77.075,369.818,,
C0343000E2806A960000401CCB755969,24,2025-10-10 17:07:59,2025-10-10 17:11:20,3m 20s,77.075,-2,,
C0343000E2806A960000401CCB755969,24,2025-10-10 17:11:21,2025-10-10 17:12:05,0m 43s,77.075,-2,,
D4E63000E2806A960000501CCB867555,12,2025-10-10 17:12:32,2025-10-10 17:26:10,13m 38s,72.255,362.903,,
C0343000E2806A960000401CCB755969,24,2025-10-10 17:26:12,2025-10-10 17:29:32,3m 20s,77.075,-2,,
C0343000E2806A960000401CCB755969,24,2025-10-10 17:33:44,2025-10-10 17:34:51,1m 6s,77.075,-2,,
C0343000E2806A960000401CCB755969,24,2025-10-10 17:38:38,2025-10-10 17:39:35,0m 57s,77.075,-2,,
C0343000E2806A960000401CCB755969,24,2025-10-10 17:45:36,2025-10-10 17:47:08,1m 31s,77.075,-2,,
C0343000E2806A960000401CCB755969,24,2025-10-10 19:12:29,2025-10-10 19:15:21,2m 52s,77.075,-2,,
D4E63000E2806A960000501CCB867555,12,2025-10-10 19:15:24,2025-10-10 19:16:20,0m 56s,72.255,-2,,
9CD93000E2806A960000401CCB85916B,Rafael,2025-10-11 9:17:37,2025-10-11 9:19:34,1m 56s,-1,389.016,,
C0343000E2806A960000401CCB755969,24,2025-10-11 9:19:39,2025-10-11 9:26:38,6m 58s,74.335,389.241,,
D4E63000E2806A960000501CCB867555,12,2025-10-11 9:26:44,2025-10-11 9:45:14,18m 29s,-1,365.959,,
D4E63000E2806A960000501CCB867555,12,2025-10-11 17:28:06,2025-10-11 17:39:50,11m 43s,72.539,361.721,,
C0343000E2806A960000401CCB755969,24,2025-10-11 18:07:25,2025-10-11 18:09:28,2m 3s,77.861,371.758,,
C0343000E2806A960000401CCB755969,24,2025-10-11 18:09:30,2025-10-11 18:19:14,9m 44s,77.861,-2,,
D4E63000E2806A960000501CCB867555,12,2025-10-11 18:19:21,2025-10-11 18:23:11,3m 50s,72.539,-2,,
C0343000E2806A960000401CCB755969,24,2025-10-11 18:23:16,2025-10-11 18:24:52,1m 36s,77.861,-2,,
D4E63000E2806A960000501CCB867555,12,2025-10-11 19:10:05,2025-10-11 19:17:54,7m 48s,72.539,-2,,
C0343000E2806A960000401CCB755969,24,2025-10-11 19:18:38,2025-10-11 19:21:55,3m 16s,77.861,-2,,
C0343000E2806A960000401CCB755969,24,2025-10-11 19:26:22,2025-10-11 19:28:02,1m 39s,77.861,-2,,
C0343000E2806A960000401CCB755969,24,2025-10-11 22:29:04,2025-10-11 22:31:22,2m 17s,77.861,-2,,
D4E63000E2806A960000501CCB867555,12,2025-10-12 3:13:21,2025-10-12 3:14:49,1m 28s,72.539,-2,,
C0343000E2806A960000401CCB755969,24,2025-10-12 4:17:31,2025-10-12 4:18:55,1m 24s,77.861,-2,,
C0343000E2806A960000401CCB755969,24,2025-10-12 7:46:32,2025-10-12 7:53:19,6m 47s,74.34,390.041,,
C0343000E2806A960000401CCB755969,24,2025-10-12 7:53:21,2025-10-12 7:54:03,0m 42s,74.34,-2,,
C0343000E2806A960000401CCB755969,24,2025-10-12 7:54:11,2025-10-12 7:55:21,1m 9s,74.34,-2,,
C0343000E2806A960000401CCB755969,24,2025-10-12 7:55:24,2025-10-12 8:00:24,5m 0s,74.34,-2,,
C0343000E2806A960000401CCB755969,24,2025-10-12 8:00:26,2025-10-12 8:00:31,0m 4s,74.34,-2,,
C0343000E2806A960000401CCB755969,24,2025-10-12 8:00:37,2025-10-12 8:01:24,0m 47s,74.34,-2,,
C0343000E2806A960000401CCB755969,24,2025-10-12 8:01:26,2025-10-12 8:04:20,2m 53s,74.34,-2,,
C0343000E2806A960000401CCB755969,24,2025-10-12 8:05:09,2025-10-12 8:06:30,1m 21s,74.34,-2,,
D4E63000E2806A960000501CCB867555,12,2025-10-12 8:07:56,2025-10-12 8:15:36,7m 39s,-1,364.638,,
C0343000E2806A960000401CCB755969,24,2025-10-12 17:32:54,2025-10-12 17:36:59,4m 5s,-1,372.975,,
C0343000E2806A960000401CCB755969,24,2025-10-12 17:37:04,2025-10-12 17:44:18,7m 13s,74.34,-2,,
D4E63000E2806A960000501CCB867555,12,2025-10-12 17:44:21,2025-10-12 17:55:41,11m 20s,-1,364.51,,
C0343000E2806A960000401CCB755969,24,2025-10-12 17:55:46,2025-10-12 17:57:22,1m 35s,74.34,-2,,
D4E63000E2806A960000501CCB867555,12,2025-10-12 18:16:14,2025-10-12 18:23:15,7m 1s,72.539,-2,,
C0343000E2806A960000401CCB755969,24,2025-10-12 18:23:18,2025-10-12 18:24:00,0m 41s,74.34,-2,,
D4E63000E2806A960000501CCB867555,12,2025-10-12 19:12:53,2025-10-12 19:13:45,0m 52s,72.539,-2,,
C0343000E2806A960000401CCB755969,24,2025-10-12 19:15:35,2025-10-12 19:16:45,1m 9s,74.34,-2,,
C0343000E2806A960000401CCB755969,24,2025-10-12 19:20:30,2025-10-12 19:22:23,1m 53s,74.34,-2,,
C0343000E2806A960000401CCB755969,24,2025-10-12 20:46:14,2025-10-12 20:47:17,1m 3s,74.34,-2,,
D4E63000E2806A960000501CCB867555,12,2025-10-12 22:23:27,2025-10-12 22:25:10,1m 42s,72.539,-2,,
C0343000E2806A960000401CCB755969,24,2025-10-12 23:29:21,2025-10-12 23:31:43,2m 22s,74.34,-2,,
D4E63000E2806A960000501CCB867555,12,2025-10-13 0:42:03,2025-10-13 0:42:59,0m 56s,72.539,-2,,
C0343000E2806A960000401CCB755969,24,2025-10-13 6:20:43,2025-10-13 6:21:57,1m 14s,74.34,-2,,
D4E63000E2806A960000501CCB867555,12,2025-10-13 6:22:08,2025-10-13 6:23:18,1m 10s,72.539,-2,,
C0343000E2806A960000401CCB755969,24,2025-10-13 7:24:46,2025-10-13 7:26:14,1m 27s,74.34,-2,,
C0343000E2806A960000401CCB755969,24,2025-10-13 7:45:31,2025-10-13 7:57:58,12m 27s,-1,372.182,,
C0343000E2806A960000401CCB755969,24,2025-10-13 7:58:02,2025-10-13 8:02:53,4m 51s,74.34,-2,,
D4E63000E2806A960000501CCB867555,12,2025-10-13 8:03:37,2025-10-13 8:14:10,10m 33s,-1,366.703,,
D4E63000E2806A960000501CCB867555,12,2025-10-13 8:14:44,2025-10-13 8:15:14,0m 29s,72.539,-2,,
C0343000E2806A960000401CCB755969,24,2025-10-13 8:21:18,2025-10-13 8:22:38,1m 20s,74.34,-2,,
D4E63000E2806A960000501CCB867555,12,2025-10-13 8:58:00,2025-10-13 8:58:41,0m 40s,72.539,-2,,
9CD93000E2806A960000401CCB85916B,Rafael,2025-10-13 15:37:15,2025-10-13 15:37:44,0m 29s,-1,395.099,,
9CD93000E2806A960000401CCB85916B,Rafael,2025-10-13 15:38:22,2025-10-13 15:38:54,0m 31s,-1,389.031,,
9CD93000E2806A960000401CCB85916B,Rafael,2025-10-13 15:47:44,2025-10-13 15:48:15,0m 31s,-1,388.086,,
9CD93000E2806A960000401CCB85916B,Rafael,2025-10-13 15:48:17,2025-10-13 15:49:01,0m 43s,-1,388.086,,
9CD93000E2806A960000401CCB85916B,Rafael,2025-10-13 15:52:03,2025-10-13 15:52:32,0m 29s,-1,390.479,,
D4E63000E2806A960000501CCB867555,12,2025-10-13 17:42:56,2025-10-13 17:53:45,10m 49s,-1,364.945,,
D4E63000E2806A960000501CCB867555,12,2025-10-13 17:54:44,2025-10-13 17:55:33,0m 48s,72.539,-2,,
D4E63000E2806A960000501CCB867555,12,2025-10-13 17:56:24,2025-10-13 17:57:39,1m 14s,72.539,-2,,
C0343000E2806A960000401CCB755969,24,2025-10-13 18:03:48,2025-10-13 18:12:07,8m 19s,75.64,375.172,,
C0343000E2806A960000401CCB755969,24,2025-10-13 18:03:48,2025-10-13 18:12:07,8m 19s,75.64,375.172,,
D4E63000E2806A960000501CCB867555,12,2025-10-13 18:12:26,2025-10-13 18:20:22,7m 55s,72.539,-2,,
C0343000E2806A960000401CCB755969,24,2025-10-13 18:22:27,2025-10-13 18:24:12,1m 45s,75.64,-2,,
C0343000E2806A960000401CCB755969,24,2025-10-13 18:30:28,2025-10-13 18:32:23,1m 54s,75.64,-2,,
D4E63000E2806A960000501CCB867555,12,2025-10-13 18:41:09,2025-10-13 18:41:54,0m 44s,72.539,-2,,
C0343000E2806A960000401CCB755969,24,2025-10-13 19:03:04,2025-10-13 19:04:48,1m 43s,75.64,-2,,
D4E63000E2806A960000501CCB867555,12,2025-10-13 19:15:18,2025-10-13 19:40:39,25m 20s,72.539,-2,,
D4E63000E2806A960000501CCB867555,12,2025-10-14 3:09:58,2025-10-14 3:11:06,1m 8s,72.539,-2,,
C0343000E2806A960000401CCB755969,24,2025-10-14 4:17:17,2025-10-14 4:19:27,2m 9s,75.64,-2,,
C0343000E2806A960000401CCB755969,24,2025-10-14 4:48:57,2025-10-14 4:50:25,1m 28s,75.64,-2,,
C0343000E2806A960000401CCB755969,24,2025-10-14 6:37:52,2025-10-14 6:38:24,0m 32s,75.64,-2,,
D4E63000E2806A960000501CCB867555,12,2025-10-14 6:38:44,2025-10-14 6:40:21,1m 36s,72.539,-2,,
C0343000E2806A960000401CCB755969,24,2025-10-14 7:17:38,2025-10-14 7:20:16,2m 38s,75.64,-2,,
D4E63000E2806A960000501CCB867555,12,2025-10-14 7:20:21,2025-10-14 7:21:24,1m 3s,72.539,-2,,
C0343000E2806A960000401CCB755969,24,2025-10-14 7:27:18,2025-10-14 7:31:08,3m 49s,75.64,-2,,
D4E63000E2806A960000501CCB867555,12,2025-10-14 7:31:50,2025-10-14 7:39:56,8m 5s,-1,362.935,,
C0343000E2806A960000401CCB755969,24,2025-10-14 7:40:03,2025-10-14 7:57:01,16m 57s,-1,382.068,,
C0343000E2806A960000401CCB755969,24,2025-10-14 7:57:03,2025-10-14 8:00:15,3m 12s,75.64,-2,,
D4E63000E2806A960000501CCB867555,12,2025-10-14 8:00:30,2025-10-14 8:01:58,1m 28s,72.539,-2,,
C0343000E2806A960000401CCB755969,24,2025-10-14 8:02:07,2025-10-14 8:04:36,2m 28s,75.64,-2,,
C0343000E2806A960000401CCB755969,24,2025-10-14 8:09:55,2025-10-14 8:12:19,2m 24s,75.64,-2,,
C0343000E2806A960000401CCB755969,24,2025-10-14 8:14:22,2025-10-14 8:14:59,0m 37s,75.64,-2,,
C0343000E2806A960000401CCB755969,24,2025-10-14 17:38:49,2025-10-14 17:47:23,8m 33s,69,385.297,,
C0343000E2806A960000401CCB755969,24,2025-10-14 17:47:25,2025-10-14 17:47:40,0m 14s,69,-2,,
C0343000E2806A960000401CCB755969,24,2025-10-14 17:47:43,2025-10-14 17:48:42,0m 58s,69,-2,,
C0343000E2806A960000401CCB755969,24,2025-10-14 17:48:46,2025-10-14 17:50:58,2m 12s,69,-2,,
C0343000E2806A960000401CCB755969,24,2025-10-14 17:51:00,2025-10-14 17:51:17,0m 16s,69,-2,,
C0343000E2806A960000401CCB755969,24,2025-10-14 17:51:47,2025-10-14 17:56:22,4m 35s,69,-2,,
C0343000E2806A960000401CCB755969,24,2025-10-14 17:56:49,2025-10-14 17:58:18,1m 28s,69,-2,,
C0343000E2806A960000401CCB755969,24,2025-10-14 17:58:20,2025-10-14 17:59:12,0m 51s,69,-2,,
C0343000E2806A960000401CCB755969,24,2025-10-14 17:59:44,2025-10-14 18:00:29,0m 45s,69,-2,,
C0343000E2806A960000401CCB755969,24,2025-10-14 18:04:14,2025-10-14 18:05:58,1m 43s,69,-2,,
C0343000E2806A960000401CCB755969,24,2025-10-14 18:15:41,2025-10-14 18:16:35,0m 54s,69,-2,,
C0343000E2806A960000401CCB755969,24,2025-10-14 18:16:46,2025-10-14 18:18:12,1m 26s,69,-2,,
D4E63000E2806A960000501CCB867555,12,2025-10-14 18:18:15,2025-10-14 18:29:31,11m 16s,-1,362.975,,
D4E63000E2806A960000501CCB867555,12,2025-10-14 18:31:57,2025-10-14 18:34:02,2m 5s,72.539,-2,,
D4E63000E2806A960000501CCB867555,12,2025-10-14 19:04:46,2025-10-14 19:21:55,17m 8s,72.539,-2,,
C0343000E2806A960000401CCB755969,24,2025-10-14 22:11:54,2025-10-14 22:13:36,1m 42s,69,-2,,
C0343000E2806A960000401CCB755969,24,2025-10-14 23:01:46,2025-10-14 23:01:51,0m 4s,69,-2,,
C0343000E2806A960000401CCB755969,24,2025-10-14 23:02:13,2025-10-14 23:04:33,2m 20s,69,-2,,
C0343000E2806A960000401CCB755969,24,2025-10-14 23:49:29,2025-10-14 23:50:37,1m 8s,69,-2,,
C0343000E2806A960000401CCB755969,24,2025-10-15 0:13:51,2025-10-15 0:13:58,0m 7s,69,-2,,
C0343000E2806A960000401CCB755969,24,2025-10-15 0:14:23,2025-10-15 0:14:27,0m 4s,69,-2,,
C0343000E2806A960000401CCB755969,24,2025-10-15 0:14:32,2025-10-15 0:16:28,1m 56s,69,-2,,
C0343000E2806A960000401CCB755969,24,2025-10-15 0:33:35,2025-10-15 0:33:42,0m 7s,69,-2,,
C0343000E2806A960000401CCB755969,24,2025-10-15 0:33:44,2025-10-15 0:33:49,0m 5s,69,-2,,
C0343000E2806A960000401CCB755969,24,2025-10-15 0:33:52,2025-10-15 0:34:05,0m 12s,69,-2,,
C0343000E2806A960000401CCB755969,24,2025-10-15 0:34:07,2025-10-15 0:35:51,1m 44s,69,-2,,
C0343000E2806A960000401CCB755969,24,2025-10-15 1:36:31,2025-10-15 1:36:35,0m 4s,69,-2,,
C0343000E2806A960000401CCB755969,24,2025-10-15 1:39:23,2025-10-15 1:39:38,0m 15s,69,-2,,
C0343000E2806A960000401CCB755969,24,2025-10-15 1:39:50,2025-10-15 1:40:24,0m 34s,69,-2,,
C0343000E2806A960000401CCB755969,24,2025-10-15 2:17:13,2025-10-15 2:18:06,0m 52s,69,-2,,
D4E63000E2806A960000501CCB867555,12,2025-10-15 2:18:08,2025-10-15 2:21:04,2m 56s,72.539,-2,,
D4E63000E2806A960000501CCB867555,12,2025-10-15 2:22:26,2025-10-15 2:23:12,0m 45s,72.539,-2,,
C0343000E2806A960000401CCB755969,24,2025-10-15 2:23:16,2025-10-15 2:24:37,1m 20s,69,-2,,
C0343000E2806A960000401CCB755969,24,2025-10-15 3:33:04,2025-10-15 3:33:12,0m 8s,69,-2,,
C0343000E2806A960000401CCB755969,24,2025-10-15 3:33:16,2025-10-15 3:34:32,1m 15s,69,-2,,
C0343000E2806A960000401CCB755969,24,2025-10-15 4:15:54,2025-10-15 4:17:25,1m 30s,69,-2,,
C0343000E2806A960000401CCB755969,24,2025-10-15 4:38:53,2025-10-15 4:38:58,0m 5s,69,-2,,
C0343000E2806A960000401CCB755969,24,2025-10-15 4:49:14,2025-10-15 4:49:23,0m 9s,69,-2,,
C0343000E2806A960000401CCB755969,24,2025-10-15 4:49:25,2025-10-15 4:51:02,1m 36s,69,-2,,
C0343000E2806A960000401CCB755969,24,2025-10-15 5:27:40,2025-10-15 5:28:33,0m 53s,69,-2,,
C0343000E2806A960000401CCB755969,24,2025-10-15 6:02:08,2025-10-15 6:02:12,0m 4s,69,-2,,
C0343000E2806A960000401CCB755969,24,2025-10-15 6:12:11,2025-10-15 6:12:19,0m 7s,69,-2,,
C0343000E2806A960000401CCB755969,24,2025-10-15 6:12:28,2025-10-15 6:12:36,0m 8s,69,-2,,
C0343000E2806A960000401CCB755969,24,2025-10-15 6:12:39,2025-10-15 6:13:36,0m 57s,69,-2,,
C0343000E2806A960000401CCB755969,24,2025-10-15 6:33:48,2025-10-15 6:34:56,1m 7s,69,-2,,
C0343000E2806A960000401CCB755969,24,2025-10-15 6:53:19,2025-10-15 6:53:31,0m 11s,69,-2,,
C0343000E2806A960000401CCB755969,24,2025-10-15 6:53:36,2025-10-15 6:57:01,3m 24s,69,-2,,
D4E63000E2806A960000501CCB867555,12,2025-10-15 7:01:03,2025-10-15 7:03:14,2m 10s,72.539,-2,,
D4E63000E2806A960000501CCB867555,12,2025-10-15 7:07:48,2025-10-15 7:09:53,2m 5s,72.539,-2,,
C0343000E2806A960000401CCB755969,24,2025-10-15 7:15:14,2025-10-15 7:16:56,1m 41s,69,-2,,
C0343000E2806A960000401CCB755969,24,2025-10-15 7:44:14,2025-10-15 7:53:18,9m 4s,-1,348.341,,
C0343000E2806A960000401CCB755969,24,2025-10-15 7:53:21,2025-10-15 7:57:48,4m 27s,69,-2,,
D4E63000E2806A960000501CCB867555,12,2025-10-15 7:57:51,2025-10-15 8:12:20,14m 29s,-1,363.107,,
C0343000E2806A960000401CCB755969,24,2025-10-15 8:12:26,2025-10-15 8:17:28,5m 2s,69,-2,,
C0343000E2806A960000401CCB755969,24,2025-10-15 8:35:43,2025-10-15 8:37:23,1m 39s,69,-2,,
D4E63000E2806A960000501CCB867555,12,2025-10-15 8:37:34,2025-10-15 8:38:07,0m 32s,72.539,-2,,
C0343000E2806A960000401CCB755969,24,2025-10-15 8:39:14,2025-10-15 8:39:45,0m 31s,69,-2,,
C0343000E2806A960000401CCB755969,24,2025-10-15 8:41:04,2025-10-15 8:42:06,1m 2s,69,-2,,
9CD93000E2806A960000401CCB85916B,Rafael,2025-10-15 10:07:40,2025-10-15 10:07:58,0m 17s,-1,2382.266,,
9CD93000E2806A960000401CCB85916B,Rafael,2025-10-15 10:12:34,2025-10-15 10:13:02,0m 28s,-1,390.226,,
9CD93000E2806A960000401CCB85916B,Rafael,2025-10-15 10:13:42,2025-10-15 10:14:11,0m 28s,-1,389.084,,
9CD93000E2806A960000401CCB85916B,Rafael,2025-10-15 10:14:32,2025-10-15 10:15:00,0m 27s,-1,389.672,,
9CD93000E2806A960000401CCB85916B,Rafael,2025-10-15 11:10:13,2025-10-15 11:11:02,0m 49s,-1,389.619,,
9CD93000E2806A960000401CCB85916B,Rafael,2025-10-15 11:11:07,2025-10-15 11:11:36,0m 28s,-1,389.984,,
9CD93000E2806A960000401CCB85916B,Rafael,2025-10-15 11:11:46,2025-10-15 11:12:25,0m 39s,-1,389.453,,
9CD93000E2806A960000401CCB85916B,Rafael,2025-10-15 11:13:00,2025-10-15 11:14:12,1m 12s,-1,389.453,,
9CD93000E2806A960000401CCB85916B,Rafael,2025-10-15 11:14:28,2025-10-15 11:15:36,1m 8s,-1,389.453,,
9CD93000E2806A960000401CCB85916B,Rafael,2025-10-15 11:16:08,2025-10-15 11:16:40,0m 31s,-1,387.674,,
D4E63000E2806A960000501CCB867555,12,2025-10-15 17:21:42,2025-10-15 17:40:40,18m 57s,-1,382.635,,
D4E63000E2806A960000501CCB867555,12,2025-10-15 17:41:35,2025-10-15 17:44:16,2m 41s,72.539,-2,,
D4E63000E2806A960000501CCB867555,12,2025-10-15 17:47:46,2025-10-15 17:53:20,5m 33s,72.539,-2,,
C0343000E2806A960000401CCB755969,24,2025-10-15 17:59:42,2025-10-15 18:10:19,10m 36s,79.867,347.419,,
D4E63000E2806A960000501CCB867555,12,2025-10-15 18:10:21,2025-10-15 18:11:43,1m 22s,72.539,-2,,
C0343000E2806A960000401CCB755969,24,2025-10-15 18:11:46,2025-10-15 18:14:54,3m 8s,79.867,-2,,
D4E63000E2806A960000501CCB867555,12,2025-10-15 18:14:57,2025-10-15 18:15:56,0m 59s,72.539,-2,,
C0343000E2806A960000401CCB755969,24,2025-10-15 18:16:11,2025-10-15 18:19:27,3m 15s,79.867,-2,,
C0343000E2806A960000401CCB755969,24,2025-10-15 18:40:55,2025-10-15 18:43:11,2m 16s,79.867,-2,,
C0343000E2806A960000401CCB755969,24,2025-10-15 19:01:40,2025-10-15 19:03:25,1m 44s,79.867,-2,,
C0343000E2806A960000401CCB755969,24,2025-10-15 19:12:32,2025-10-15 19:13:45,1m 13s,79.867,-2,,
D4E63000E2806A960000501CCB867555,12,2025-10-15 19:15:24,2025-10-15 19:29:14,13m 50s,72.539,-2,,
C0343000E2806A960000401CCB755969,24,2025-10-15 19:46:46,2025-10-15 19:46:51,0m 5s,79.867,-2,,
C0343000E2806A960000401CCB755969,24,2025-10-15 19:54:30,2025-10-15 19:56:11,1m 40s,79.867,-2,,
C0343000E2806A960000401CCB755969,24,2025-10-15 20:15:30,2025-10-15 20:17:40,2m 9s,79.867,-2,,
C0343000E2806A960000401CCB755969,24,2025-10-15 20:51:47,2025-10-15 20:52:50,1m 3s,79.867,-2,,
C0343000E2806A960000401CCB755969,24,2025-10-15 20:57:53,2025-10-15 20:58:11,0m 17s,79.867,-2,,
C0343000E2806A960000401CCB755969,24,2025-10-15 20:59:53,2025-10-15 21:01:07,1m 13s,79.867,-2,,
C0343000E2806A960000401CCB755969,24,2025-10-15 21:03:52,2025-10-15 21:03:57,0m 4s,79.867,-2,,
C0343000E2806A960000401CCB755969,24,2025-10-15 21:26:49,2025-10-15 21:28:41,1m 52s,79.867,-2,,
C0343000E2806A960000401CCB755969,24,2025-10-15 21:37:16,2025-10-15 21:38:31,1m 14s,79.867,-2,,
C0343000E2806A960000401CCB755969,24,2025-10-15 22:14:02,2025-10-15 22:16:10,2m 8s,79.867,-2,,
C0343000E2806A960000401CCB755969,24,2025-10-15 22:17:40,2025-10-15 22:20:00,2m 20s,79.867,-2,,
C0343000E2806A960000401CCB755969,24,2025-10-15 22:38:19,2025-10-15 22:39:22,1m 2s,79.867,-2,,
C0343000E2806A960000401CCB755969,24,2025-10-15 23:06:51,2025-10-15 23:08:10,1m 18s,79.867,-2,,
C0343000E2806A960000401CCB755969,24,2025-10-15 23:08:35,2025-10-15 23:09:15,0m 39s,79.867,-2,,
C0343000E2806A960000401CCB755969,24,2025-10-15 23:10:37,2025-10-15 23:10:42,0m 5s,79.867,-2,,
C0343000E2806A960000401CCB755969,24,2025-10-15 23:36:32,2025-10-15 23:36:38,0m 6s,79.867,-2,,
C0343000E2806A960000401CCB755969,24,2025-10-15 23:37:50,2025-10-15 23:39:19,1m 28s,79.867,-2,,
C0343000E2806A960000401CCB755969,24,2025-10-16 0:17:33,2025-10-16 0:20:04,2m 30s,79.867,-2,,
C0343000E2806A960000401CCB755969,24,2025-10-16 0:21:11,2025-10-16 0:22:59,1m 48s,79.867,-2,,
C0343000E2806A960000401CCB755969,24,2025-10-16 0:39:10,2025-10-16 0:40:02,0m 51s,79.867,-2,,
C0343000E2806A960000401CCB755969,24,2025-10-16 1:12:03,2025-10-16 1:13:08,1m 4s,79.867,-2,,
C0343000E2806A960000401CCB755969,24,2025-10-16 1:15:43,2025-10-16 1:15:59,0m 16s,79.867,-2,,
C0343000E2806A960000401CCB755969,24,2025-10-16 1:44:36,2025-10-16 1:45:15,0m 39s,79.867,-2,,
C0343000E2806A960000401CCB755969,24,2025-10-16 2:16:26,2025-10-16 2:18:04,1m 38s,79.867,-2,,
C0343000E2806A960000401CCB755969,24,2025-10-16 2:41:57,2025-10-16 2:42:01,0m 4s,79.867,-2,,
C0343000E2806A960000401CCB755969,24,2025-10-16 2:45:59,2025-10-16 2:46:03,0m 4s,79.867,-2,,
C0343000E2806A960000401CCB755969,24,2025-10-16 2:53:06,2025-10-16 2:54:02,0m 55s,79.867,-2,,
D4E63000E2806A960000501CCB867555,12,2025-10-16 2:58:13,2025-10-16 2:59:05,0m 51s,72.539,-2,,
C0343000E2806A960000401CCB755969,24,2025-10-16 3:00:31,2025-10-16 3:00:37,0m 5s,79.867,-2,,
C0343000E2806A960000401CCB755969,24,2025-10-16 3:39:59,2025-10-16 3:41:40,1m 41s,79.867,-2,,
C0343000E2806A960000401CCB755969,24,2025-10-16 3:59:12,2025-10-16 3:59:17,0m 5s,79.867,-2,,
C0343000E2806A960000401CCB755969,24,2025-10-16 4:25:30,2025-10-16 4:26:42,1m 12s,79.867,-2,,
C0343000E2806A960000401CCB755969,24,2025-10-16 4:39:21,2025-10-16 4:39:37,0m 15s,79.867,-2,,
C0343000E2806A960000401CCB755969,24,2025-10-16 5:21:09,2025-10-16 5:22:01,0m 52s,79.867,-2,,
D4E63000E2806A960000501CCB867555,12,2025-10-16 6:05:55,2025-10-16 6:06:30,0m 34s,72.539,-2,,
D4E63000E2806A960000501CCB867555,12,2025-10-16 6:07:32,2025-10-16 6:08:22,0m 49s,72.539,-2,,
C0343000E2806A960000401CCB755969,24,2025-10-16 6:44:14,2025-10-16 6:46:03,1m 49s,79.867,-2,,
C0343000E2806A960000401CCB755969,24,2025-10-16 7:18:46,2025-10-16 7:20:31,1m 44s,79.867,-2,,
D4E63000E2806A960000501CCB867555,12,2025-10-16 7:21:10,2025-10-16 7:22:32,1m 21s,72.539,-2,,
C0343000E2806A960000401CCB755969,24,2025-10-16 7:44:03,2025-10-16 7:55:45,11m 41s,-1,400.66,,
C0343000E2806A960000401CCB755969,24,2025-10-16 7:55:47,2025-10-16 8:00:17,4m 30s,79.867,-2,,
C0343000E2806A960000401CCB755969,24,2025-10-16 8:00:18,2025-10-16 8:01:01,0m 42s,79.867,-2,,
D4E63000E2806A960000501CCB867555,12,2025-10-16 8:01:05,2025-10-16 8:11:22,10m 17s,75.845,365.209,,
C0343000E2806A960000401CCB755969,24,2025-10-16 8:11:24,2025-10-16 8:16:25,5m 1s,79.867,-2,,
C0343000E2806A960000401CCB755969,24,2025-10-16 8:23:52,2025-10-16 8:25:14,1m 22s,79.867,-2,,
9CD93000E2806A960000401CCB85916B,Rafael,2025-10-16 10:18:23,2025-10-16 10:18:51,0m 28s,-1,388.139,,
9CD93000E2806A960000401CCB85916B,Rafael,2025-10-16 10:21:19,2025-10-16 10:21:48,0m 28s,-1,388.17,,
D4E63000E2806A960000501CCB867555,12,2025-10-16 17:11:25,2025-10-16 17:22:03,10m 38s,-1,381.156,,
D4E63000E2806A960000501CCB867555,12,2025-10-16 18:02:28,2025-10-16 18:08:54,6m 25s,75.845,-2,,
C0343000E2806A960000401CCB755969,24,2025-10-16 18:09:20,2025-10-16 18:21:10,11m 50s,-1,400.469,,
C0343000E2806A960000401CCB755969,24,2025-10-16 18:21:13,2025-10-16 18:23:38,2m 24s,79.867,-2,,
D4E63000E2806A960000501CCB867555,12,2025-10-16 18:25:52,2025-10-16 18:26:49,0m 57s,75.845,-2,,
C0343000E2806A960000401CCB755969,24,2025-10-16 18:28:18,2025-10-16 18:28:25,0m 6s,79.867,-2,,
D4E63000E2806A960000501CCB867555,12,2025-10-16 19:10:26,2025-10-16 19:21:59,11m 33s,75.845,-2,,
C0343000E2806A960000401CCB755969,24,2025-10-16 19:22:14,2025-10-16 19:23:45,1m 31s,79.867,-2,,
C0343000E2806A960000401CCB755969,24,2025-10-16 19:25:52,2025-10-16 19:26:12,0m 20s,79.867,-2,,
C0343000E2806A960000401CCB755969,24,2025-10-16 19:29:26,2025-10-16 19:29:35,0m 9s,79.867,-2,,
C0343000E2806A960000401CCB755969,24,2025-10-16 19:35:26,2025-10-16 19:35:33,0m 6s,79.867,-2,,
C0343000E2806A960000401CCB755969,24,2025-10-16 19:47:46,2025-10-16 19:48:38,0m 52s,79.867,-2,,
D4E63000E2806A960000501CCB867555,12,2025-10-16 19:55:16,2025-10-16 19:58:21,3m 5s,75.845,-2,,
C0343000E2806A960000401CCB755969,24,2025-10-16 20:00:02,2025-10-16 20:01:55,1m 52s,79.867,-2,,
C0343000E2806A960000401CCB755969,24,2025-10-16 20:15:19,2025-10-16 20:17:05,1m 46s,79.867,-2,,
C0343000E2806A960000401CCB755969,24,2025-10-16 21:09:54,2025-10-16 21:10:29,0m 35s,79.867,-2,,
C0343000E2806A960000401CCB755969,24,2025-10-16 21:13:09,2025-10-16 21:13:52,0m 43s,79.867,-2,,
D4E63000E2806A960000501CCB867555,12,2025-10-16 21:15:27,2025-10-16 21:15:48,0m 21s,75.845,-2,,
C0343000E2806A960000401CCB755969,24,2025-10-16 21:30:32,2025-10-16 21:32:18,1m 45s,79.867,-2,,
C0343000E2806A960000401CCB755969,24,2025-10-16 21:35:24,2025-10-16 21:35:27,0m 3s,79.867,-2,,
C0343000E2806A960000401CCB755969,24,2025-10-16 22:05:33,2025-10-16 22:06:43,1m 10s,79.867,-2,,
D4E63000E2806A960000501CCB867555,12,2025-10-16 22:10:52,2025-10-16 22:27:16,16m 23s,75.845,-2,,
C0343000E2806A960000401CCB755969,24,2025-10-16 22:58:39,2025-10-16 22:59:38,0m 59s,79.867,-2,,
C0343000E2806A960000401CCB755969,24,2025-10-16 23:09:01,2025-10-16 23:09:05,0m 4s,79.867,-2,,
C0343000E2806A960000401CCB755969,24,2025-10-17 0:01:26,2025-10-17 0:01:32,0m 6s,79.867,-2,,
C0343000E2806A960000401CCB755969,24,2025-10-17 0:10:28,2025-10-17 0:12:32,2m 3s,79.867,-2,,
C0343000E2806A960000401CCB755969,24,2025-10-17 0:47:30,2025-10-17 0:48:44,1m 13s,79.867,-2,,
C0343000E2806A960000401CCB755969,24,2025-10-17 1:25:21,2025-10-17 1:25:53,0m 31s,79.867,-2,,
C0343000E2806A960000401CCB755969,24,2025-10-17 1:27:03,2025-10-17 1:27:09,0m 6s,79.867,-2,,
C0343000E2806A960000401CCB755969,24,2025-10-17 1:39:02,2025-10-17 1:42:20,3m 18s,79.867,-2,,
C0343000E2806A960000401CCB755969,24,2025-10-17 2:28:15,2025-10-17 2:29:35,1m 19s,79.867,-2,,
C0343000E2806A960000401CCB755969,24,2025-10-17 3:00:02,2025-10-17 3:01:07,1m 5s,79.867,-2,,
C0343000E2806A960000401CCB755969,24,2025-10-17 4:28:36,2025-10-17 4:29:01,0m 24s,79.867,-2,,
C0343000E2806A960000401CCB755969,24,2025-10-17 5:02:06,2025-10-17 5:03:46,1m 40s,79.867,-2,,
C0343000E2806A960000401CCB755969,24,2025-10-17 5:05:01,2025-10-17 5:05:58,0m 57s,79.867,-2,,
C0343000E2806A960000401CCB755969,24,2025-10-17 5:19:17,2025-10-17 5:20:25,1m 8s,79.867,-2,,
C0343000E2806A960000401CCB755969,24,2025-10-17 5:56:41,2025-10-17 5:57:20,0m 39s,79.867,-2,,
C0343000E2806A960000401CCB755969,24,2025-10-17 5:58:26,2025-10-17 5:58:34,0m 8s,79.867,-2,,
9CD93000E2806A960000401CCB85916B,Rafael,2025-10-17 13:39:52,2025-10-17 13:40:26,0m 33s,81.187,389.217,,
9CD93000E2806A960000401CCB85916B,Rafael,2025-10-17 13:40:27,2025-10-17 13:41:50,1m 22s,-1,410.429,,
9CD93000E2806A960000401CCB85916B,Rafael,2025-10-17 13:41:52,2025-10-17 13:42:39,0m 47s,-1,407.559,,
9CD93000E2806A960000401CCB85916B,Rafael,2025-10-17 13:43:26,2025-10-17 13:44:26,1m 0s,-1,407.442,,
9CD93000E2806A960000401CCB85916B,Rafael,2025-10-17 13:44:28,2025-10-17 13:45:03,0m 34s,-1,411.593,,
9CD93000E2806A960000401CCB85916B,Rafael,2025-10-17 13:45:43,2025-10-17 13:47:18,1m 35s,-1,411.598,,
9CD93000E2806A960000401CCB85916B,Rafael,2025-10-17 13:47:29,2025-10-17 13:48:42,1m 13s,-1,411.598,,
9CD93000E2806A960000401CCB85916B,Rafael,2025-10-17 13:49:15,2025-10-17 13:49:51,0m 35s,-1,407.394,,
9CD93000E2806A960000401CCB85916B,Rafael,2025-10-17 13:50:19,2025-10-17 13:50:51,0m 31s,-1,411.352,,
34E23000E2806A960000401CCB84F52A,Ovelha001,2025-10-17 13:51:38,2025-10-17 13:52:16,0m 37s,81.14,303.819,,
9CD93000E2806A960000401CCB85916B,Rafael,2025-10-18 17:50:31,2025-10-18 17:51:48,1m 17s,-1,406.034,,
9CD93000E2806A960000401CCB85916B,Rafael,2025-10-18 17:52:31,2025-10-18 17:52:59,0m 28s,-1,406.647,,
9CD93000E2806A960000401CCB85916B,Rafael,2025-10-18 17:53:16,2025-10-18 17:53:45,0m 28s,-1,407.711,,
34E23000E2806A960000401CCB84F52A,Ovelha001,2025-10-18 17:55:05,2025-10-18 17:55:36,0m 30s,73.379,302.053,,
34E23000E2806A960000401CCB84F52A,Ovelha001,2025-10-18 17:55:48,2025-10-18 17:56:23,0m 34s,81.824,301.1,,
9CD93000E2806A960000401CCB85916B,Rafael,2025-10-21 15:52:39,2025-10-21 15:53:33,0m 54s,69.603,391.361,,
C0343000E2806A960000401CCB755969,24,2025-10-21 18:02:35,2025-10-21 18:09:08,6m 33s,82.007,390.639,,
9CD93000E2806A960000401CCB85916B,Rafael,2025-10-21 18:09:56,2025-10-21 18:10:32,0m 36s,78.679,348.382,,
9CD93000E2806A960000401CCB85916B,Rafael,2025-10-21 18:10:37,2025-10-21 18:11:18,0m 40s,78.554,393.905,,
D4E63000E2806A960000501CCB867555,12,2025-10-21 18:13:56,2025-10-21 18:14:37,0m 41s,77.097,409.174,,
D4E63000E2806A960000501CCB867555,12,2025-10-21 18:15:20,2025-10-21 18:15:55,0m 35s,77.097,-2,,
C0343000E2806A960000401CCB755969,24,2025-10-21 18:16:07,2025-10-21 18:19:02,2m 54s,82.007,-2,,
D4E63000E2806A960000501CCB867555,12,2025-10-21 18:19:05,2025-10-21 18:23:30,4m 24s,77.097,-2,,
C0343000E2806A960000401CCB755969,24,2025-10-21 18:26:21,2025-10-21 18:27:00,0m 39s,82.007,-2,,
C0343000E2806A960000401CCB755969,24,2025-10-21 19:19:27,2025-10-21 19:23:23,3m 55s,82.007,-2,,
D4E63000E2806A960000501CCB867555,12,2025-10-21 19:51:07,2025-10-21 19:54:02,2m 55s,77.097,-2,,
D4E63000E2806A960000501CCB867555,12,2025-10-21 19:57:42,2025-10-21 20:55:26,57m 43s,77.097,-2,,
D4E63000E2806A960000501CCB867555,12,2025-10-21 21:23:45,2025-10-21 21:24:01,0m 15s,77.097,-2,,
D4E63000E2806A960000501CCB867555,12,2025-10-21 22:05:22,2025-10-21 22:34:15,28m 52s,77.097,-2,,
D4E63000E2806A960000501CCB867555,12,2025-10-21 23:17:59,2025-10-21 23:19:10,1m 11s,77.097,-2,,
D4E63000E2806A960000501CCB867555,12,2025-10-22 0:08:46,2025-10-22 0:09:45,0m 59s,77.097,-2,,
D4E63000E2806A960000501CCB867555,12,2025-10-22 1:09:06,2025-10-22 1:10:55,1m 48s,77.097,-2,,
D4E63000E2806A960000501CCB867555,12,2025-10-22 2:15:15,2025-10-22 2:16:15,1m 0s,77.097,-2,,
D4E63000E2806A960000501CCB867555,12,2025-10-22 2:50:56,2025-10-22 2:51:33,0m 37s,77.097,-2,,
D4E63000E2806A960000501CCB867555,12,2025-10-22 3:28:06,2025-10-22 3:29:01,0m 55s,77.097,-2,,
D4E63000E2806A960000501CCB867555,12,2025-10-22 4:56:27,2025-10-22 4:56:57,0m 30s,77.097,-2,,
D4E63000E2806A960000501CCB867555,12,2025-10-22 5:16:18,2025-10-22 5:17:09,0m 50s,77.097,-2,,
D4E63000E2806A960000501CCB867555,12,2025-10-22 5:52:08,2025-10-22 5:53:11,1m 2s,77.097,-2,,
D4E63000E2806A960000501CCB867555,12,2025-10-22 6:44:40,2025-10-22 6:46:06,1m 25s,77.097,-2,,
C0343000E2806A960000401CCB755969,24,2025-10-22 7:50:07,2025-10-22 7:51:00,0m 53s,-1,413.544,,
D4E63000E2806A960000501CCB867555,12,2025-10-22 7:52:39,2025-10-22 8:15:30,22m 50s,-1,385.538,,
C0343000E2806A960000401CCB755969,24,2025-10-22 8:24:08,2025-10-22 8:24:43,0m 34s,82.007,-2,,
C0343000E2806A960000401CCB755969,24,2025-10-22 8:35:14,2025-10-22 8:36:05,0m 51s,82.007,-2,,
9CD93000E2806A960000401CCB85916B,Rafael,2025-10-22 16:24:45,2025-10-22 16:25:42,0m 56s,79.235,405.013,,
9CD93000E2806A960000401CCB85916B,Rafael,2025-10-22 16:27:57,2025-10-22 16:28:29,0m 32s,-1,397.399,,
9CD93000E2806A960000401CCB85916B,Rafael,2025-10-22 16:30:02,2025-10-22 16:30:43,0m 40s,-1,403.402,,
9CD93000E2806A960000401CCB85916B,Rafael,2025-10-22 16:32:38,2025-10-22 16:33:04,0m 26s,-1,418.254,,
9CD93000E2806A960000401CCB85916B,Rafael,2025-10-22 16:34:15,2025-10-22 16:34:42,0m 27s,-1,399.831,,
9CD93000E2806A960000401CCB85916B,Rafael,2025-10-22 16:34:58,2025-10-22 16:35:26,0m 28s,-1,401.736,,
9CD93000E2806A960000401CCB85916B,Rafael,2025-10-22 16:35:49,2025-10-22 16:36:19,0m 29s,-1,397.471,,
9CD93000E2806A960000401CCB85916B,Rafael,2025-10-22 16:37:07,2025-10-22 16:37:36,0m 29s,-1,399.711,,
9CD93000E2806A960000401CCB85916B,Rafael,2025-10-22 16:38:00,2025-10-22 16:38:29,0m 28s,-1,398.584,,
9CD93000E2806A960000401CCB85916B,Rafael,2025-10-22 16:39:09,2025-10-22 16:39:40,0m 31s,-1,396.307,,
9CD93000E2806A960000401CCB85916B,Rafael,2025-10-22 16:40:42,2025-10-22 16:41:21,0m 39s,-1,397.897,,
9CD93000E2806A960000401CCB85916B,Rafael,2025-10-22 16:41:30,2025-10-22 16:42:00,0m 29s,-1,401.8,,
C0343000E2806A960000401CCB755969,24,2025-10-22 17:39:18,2025-10-22 17:46:30,7m 12s,81.248,408.813,,
D4E63000E2806A960000501CCB867555,12,2025-10-22 18:15:45,2025-10-22 18:27:28,11m 43s,76.452,407.508,,
D4E63000E2806A960000501CCB867555,12,2025-10-22 18:28:17,2025-10-22 18:29:53,1m 35s,-2,-2,,
D4E63000E2806A960000501CCB867555,12,2025-10-22 19:04:11,2025-10-22 19:05:03,0m 52s,-2,-2,,
D4E63000E2806A960000501CCB867555,12,2025-10-22 19:24:13,2025-10-22 19:31:33,7m 20s,-2,-2,,
D4E63000E2806A960000501CCB867555,12,2025-10-22 19:57:35,2025-10-22 20:28:18,30m 43s,-2,-2,,
D4E63000E2806A960000501CCB867555,12,2025-10-22 20:38:23,2025-10-22 20:39:57,1m 33s,-2,-2,,
D4E63000E2806A960000501CCB867555,12,2025-10-22 20:42:33,2025-10-22 20:43:02,0m 28s,-2,-2,,
D4E63000E2806A960000501CCB867555,12,2025-10-22 20:56:39,2025-10-22 20:57:43,1m 3s,-2,-2,,
D4E63000E2806A960000501CCB867555,12,2025-10-22 21:32:01,2025-10-22 21:32:53,0m 51s,-2,-2,,
D4E63000E2806A960000501CCB867555,12,2025-10-22 21:59:30,2025-10-22 22:14:19,14m 49s,-2,-2,,
D4E63000E2806A960000501CCB867555,12,2025-10-22 22:20:56,2025-10-22 22:21:40,0m 44s,-2,-2,,
D4E63000E2806A960000501CCB867555,12,2025-10-22 22:34:42,2025-10-22 22:36:46,2m 3s,-2,-2,,
D4E63000E2806A960000501CCB867555,12,2025-10-22 23:57:40,2025-10-22 23:58:24,0m 43s,-2,-2,,
D4E63000E2806A960000501CCB867555,12,2025-10-23 0:26:19,2025-10-23 0:39:26,13m 7s,-2,-2,,
D4E63000E2806A960000501CCB867555,12,2025-10-23 1:14:44,2025-10-23 1:15:16,0m 31s,-2,-2,,
D4E63000E2806A960000501CCB867555,12,2025-10-23 2:32:51,2025-10-23 2:33:34,0m 42s,-2,-2,,
D4E63000E2806A960000501CCB867555,12,2025-10-23 5:39:42,2025-10-23 5:40:18,0m 36s,-2,-2,,
C0343000E2806A960000401CCB755969,24,2025-10-23 6:23:55,2025-10-23 6:25:20,1m 25s,-2,-2,,
C0343000E2806A960000401CCB755969,24,2025-10-23 6:31:20,2025-10-23 6:32:38,1m 17s,-2,-2,,
C0343000E2806A960000401CCB755969,24,2025-10-23 6:35:25,2025-10-23 6:37:24,1m 59s,-2,-2,,
D4E63000E2806A960000501CCB867555,12,2025-10-23 7:21:32,2025-10-23 7:23:06,1m 34s,-2,-2,,
C0343000E2806A960000401CCB755969,24,2025-10-23 7:43:23,2025-10-23 7:45:36,2m 12s,-1,403.986,,
D4E63000E2806A960000501CCB867555,12,2025-10-23 7:53:21,2025-10-23 8:07:21,13m 59s,-1,404.406,,
C0343000E2806A960000401CCB755969,24,2025-10-23 8:09:46,2025-10-23 8:10:40,0m 53s,-2,-2,,
D4E63000E2806A960000501CCB867555,12,2025-10-23 8:12:17,2025-10-23 8:12:56,0m 39s,-2,-2,,
C0343000E2806A960000401CCB755969,24,2025-10-23 8:13:14,2025-10-23 8:14:37,1m 22s,-2,-2,,
C0343000E2806A960000401CCB755969,24,2025-10-23 8:15:33,2025-10-23 8:16:26,0m 53s,-2,-2,,
C0343000E2806A960000401CCB755969,24,2025-10-23 8:43:36,2025-10-23 8:44:11,0m 35s,-2,-2,,
C0343000E2806A960000401CCB755969,24,2025-10-23 9:00:39,2025-10-23 9:01:40,1m 1s,-2,-2,,
34E23000E2806A960000401CCB84F52A,Ovelha001,2025-10-24 8:01:44,2025-10-24 8:02:00,0m 16s,-1,14947.063,,
34E23000E2806A960000401CCB84F52A,Ovelha001,2025-10-24 8:06:07,2025-10-24 8:06:57,0m 49s,-1,691.413,,
34E23000E2806A960000401CCB84F52A,Ovelha001,2025-10-24 8:08:17,2025-10-24 8:08:59,0m 41s,-1,621.049,,
34E23000E2806A960000401CCB84F52A,Ovelha001,2025-10-24 8:09:50,2025-10-24 8:10:29,0m 38s,-1,620.688,,
9CD93000E2806A960000401CCB85916B,Rafael,2025-10-24 8:21:02,2025-10-24 8:21:33,0m 31s,-1,400.414,,
34E23000E2806A960000401CCB84F52A,Ovelha001,2025-10-24 10:09:03,2025-10-24 10:09:55,0m 52s,-1,634.371,,
34E23000E2806A960000401CCB84F52A,Ovelha001,2025-10-24 10:09:03,2025-10-24 10:09:55,0m 52s,-1,634.371,,
34E23000E2806A960000401CCB84F52A,Ovelha001,2025-10-24 10:09:03,2025-10-24 10:09:55,0m 52s,-1,634.371,,